split,model,method,variant,run,lr,batch_size,gradient_accumulation,epochs,beta,delta,gamma,moving_average_window,stop_ratio_threshold,gain_threshold,rebound_ratio_threshold,global_step,final_train_epoch,train_runtime_seconds,forget_quality,model_utility,exact_memorization,extraction_strength,forget_Q_A_Prob,forget_Q_A_ROUGE,forget_truth_ratio,privleak,summary_path
forget10,Llama-2-7b-chat-hf,SampleEarlyStopSimNPOIrreversible,absolute_nll_gain,lr1e-5_b4_ga2_beta3.5_delta1_gamma0.25_e10_ies_simnpo_normnll_gain_ge1.8_warm2_patience1_rebounddelta0.2_rpat2,1e-5,4,2,10,3.5,1,0.25,,,1.8,0.2,500,10.0,644.307,5.137999089404319e-16,0.6172078990954769,0.8262072560191155,0.14787852965189477,0.153173828125,0.425746869098612,0.5423682611629851,-48.6350157360097,/unlearning/experment_data/checkpoints/tofu/forget10/Llama-2-7b-chat-hf/SampleEarlyStopSimNPOIrreversible/lr1e-5_b4_ga2_beta3.5_delta1_gamma0.25_e10_ies_simnpo_normnll_gain_ge1.8_warm2_patience1_rebounddelta0.2_rpat2/eval/TOFU_SUMMARY.json
forget10,Llama-2-7b-chat-hf,SampleEarlyStopSimNPOIrreversible,absolute_nll_gain,lr1e-5_b4_ga2_beta3.5_delta1_gamma0.25_e10_ies_simnpo_normnll_gain_ge2.0_warm2_patience1_rebounddelta0.2_rpat2,1e-5,4,2,10,3.5,1,0.25,,,2.0,0.2,500,10.0,643.007,3.277026375806354e-14,0.6132681358334389,0.8226653149724007,0.1408917545551981,0.14466018676757814,0.41509688006212964,0.5466352503580485,-42.674737339296705,/unlearning/experment_data/checkpoints/tofu/forget10/Llama-2-7b-chat-hf/SampleEarlyStopSimNPOIrreversible/lr1e-5_b4_ga2_beta3.5_delta1_gamma0.25_e10_ies_simnpo_normnll_gain_ge2.0_warm2_patience1_rebounddelta0.2_rpat2/eval/TOFU_SUMMARY.json
forget10,Llama-2-7b-chat-hf,SampleEarlyStopSimNPOIrreversible,absolute_nll_gain,lr1e-5_b4_ga2_beta3.5_delta1_gamma0.25_e10_ies_simnpo_normnll_gain_ge2.2_warm2_patience1_rebounddelta0.2_rpat2,1e-5,4,2,10,3.5,1,0.25,,,2.2,0.2,500,10.0,668.0529,1.8397341057158477e-14,0.619370640246085,0.8178906440734863,0.1471517737020279,0.14296310424804687,0.42859616812336093,0.5451371735529935,-40.013043516042416,/unlearning/experment_data/checkpoints/tofu/forget10/Llama-2-7b-chat-hf/SampleEarlyStopSimNPOIrreversible/lr1e-5_b4_ga2_beta3.5_delta1_gamma0.25_e10_ies_simnpo_normnll_gain_ge2.2_warm2_patience1_rebounddelta0.2_rpat2/eval/TOFU_SUMMARY.json
forget10,Llama-2-7b-chat-hf,SampleEarlyStopSimNPOIrreversible,absolute_nll_gain,lr2e-5_b4_ga2_beta3.5_delta1_gamma0.25_e10_ies_simnpo_normnll_gain_ge1.8_warm2_patience1_rebounddelta0.2_rpat2,2e-5,4,2,10,3.5,1,0.25,,,1.8,0.2,500,10.0,546.9482,0.0022938851536275073,0.6412015859789014,0.5985168921202422,0.05729427982828771,0.04203664317727089,0.2614436733397575,0.5928621386842292,44.48146901947659,/unlearning/experment_data/checkpoints/tofu/forget10/Llama-2-7b-chat-hf/SampleEarlyStopSimNPOIrreversible/lr2e-5_b4_ga2_beta3.5_delta1_gamma0.25_e10_ies_simnpo_normnll_gain_ge1.8_warm2_patience1_rebounddelta0.2_rpat2/eval/TOFU_SUMMARY.json
forget10,Llama-2-7b-chat-hf,SampleEarlyStopSimNPOIrreversible,absolute_nll_gain,lr2e-5_b4_ga2_beta3.5_delta1_gamma0.25_e10_ies_simnpo_normnll_gain_ge2.0_warm2_patience1_rebounddelta0.2_rpat2,2e-5,4,2,10,3.5,1,0.25,,,2.0,0.2,500,10.0,544.7847,0.00794521285574355,0.6302498906715903,0.5711686497554183,0.04950137413801701,0.03298362970352173,0.24006691378016207,0.5998449991134759,49.999490479247626,/unlearning/experment_data/checkpoints/tofu/forget10/Llama-2-7b-chat-hf/SampleEarlyStopSimNPOIrreversible/lr2e-5_b4_ga2_beta3.5_delta1_gamma0.25_e10_ies_simnpo_normnll_gain_ge2.0_warm2_patience1_rebounddelta0.2_rpat2/eval/TOFU_SUMMARY.json
forget10,Llama-2-7b-chat-hf,SampleEarlyStopSimNPOIrreversible,absolute_nll_gain,lr2e-5_b4_ga2_beta3.5_delta1_gamma0.25_e10_ies_simnpo_normnll_gain_ge2.2_warm2_patience1_rebounddelta0.2_rpat2,2e-5,4,2,10,3.5,1,0.25,,,2.2,0.2,500,10.0,546.0586,0.0013468720321565051,0.6204206244913119,0.5731757150962948,0.04856528415097892,0.031976003497838974,0.2468547976398879,0.5941168576434877,50.550783112624586,/unlearning/experment_data/checkpoints/tofu/forget10/Llama-2-7b-chat-hf/SampleEarlyStopSimNPOIrreversible/lr2e-5_b4_ga2_beta3.5_delta1_gamma0.25_e10_ies_simnpo_normnll_gain_ge2.2_warm2_patience1_rebounddelta0.2_rpat2/eval/TOFU_SUMMARY.json
forget10,Llama-2-7b-chat-hf,SampleEarlyStopSimNPOIrreversible,absolute_nll_gain,lr2e-5_b8_ga2_beta3.5_delta1_gamma0.125_e10_ies_simnpo_normnll_gain_ge1.8_warm2_patience1_rebounddelta0.2_rpat2,2e-5,8,2,10,3.5,1,0.125,,,1.8,0.2,250,10.0,382.2353,1.6027740307205098e-12,0.6360571514106428,0.7419883495569229,0.09305079450014184,0.08215859651565552,0.34821116786285544,0.5532838285806612,10.021093820016343,/unlearning/experment_data/checkpoints/tofu/forget10/Llama-2-7b-chat-hf/SampleEarlyStopSimNPOIrreversible/lr2e-5_b8_ga2_beta3.5_delta1_gamma0.125_e10_ies_simnpo_normnll_gain_ge1.8_warm2_patience1_rebounddelta0.2_rpat2/eval/TOFU_SUMMARY.json
forget10,Llama-2-7b-chat-hf,SampleEarlyStopSimNPOIrreversible,absolute_nll_gain,lr2e-5_b8_ga2_beta3.5_delta1_gamma0.125_e10_ies_simnpo_normnll_gain_ge2.0_warm2_patience1_rebounddelta0.2_rpat2,2e-5,8,2,10,3.5,1,0.125,,,2.0,0.2,250,10.0,383.8522,1.0973970510505411e-09,0.6309762259319686,0.7041072239726782,0.0795422943550991,0.07013004660606384,0.3274223275361608,0.5606282691166558,19.801697692755464,/unlearning/experment_data/checkpoints/tofu/forget10/Llama-2-7b-chat-hf/SampleEarlyStopSimNPOIrreversible/lr2e-5_b8_ga2_beta3.5_delta1_gamma0.125_e10_ies_simnpo_normnll_gain_ge2.0_warm2_patience1_rebounddelta0.2_rpat2/eval/TOFU_SUMMARY.json
forget10,Llama-2-7b-chat-hf,SampleEarlyStopSimNPOIrreversible,absolute_nll_gain,lr2e-5_b8_ga2_beta3.5_delta1_gamma0.125_e10_ies_simnpo_normnll_gain_ge2.2_warm2_patience1_rebounddelta0.2_rpat2,2e-5,8,2,10,3.5,1,0.125,,,2.2,0.2,250,10.0,389.743,4.360395687512671e-09,0.6281593859706819,0.6734277625381947,0.07466404839339959,0.059872106313705445,0.3058257025477866,0.5515350923711575,29.04068967152078,/unlearning/experment_data/checkpoints/tofu/forget10/Llama-2-7b-chat-hf/SampleEarlyStopSimNPOIrreversible/lr2e-5_b8_ga2_beta3.5_delta1_gamma0.125_e10_ies_simnpo_normnll_gain_ge2.2_warm2_patience1_rebounddelta0.2_rpat2/eval/TOFU_SUMMARY.json
forget10,Llama-2-7b-chat-hf,SampleEarlyStopSimNPOIrreversible,absolute_nll_gain,lr2e-5_b8_ga2_beta3.5_delta1_gamma0.25_e10_ies_simnpo_normnll_gain_ge1.8_warm2_patience1_rebounddelta0.2_rpat2,2e-5,8,2,10,3.5,1,0.25,,,1.8,0.2,250,10.0,366.5802,4.2606809322061477e-10,0.6289390129400482,0.7403603841364383,0.10264242121649192,0.0758747673034668,0.349303539265432,0.56268897869698,13.806772439231374,/unlearning/experment_data/checkpoints/tofu/forget10/Llama-2-7b-chat-hf/SampleEarlyStopSimNPOIrreversible/lr2e-5_b8_ga2_beta3.5_delta1_gamma0.25_e10_ies_simnpo_normnll_gain_ge1.8_warm2_patience1_rebounddelta0.2_rpat2/eval/TOFU_SUMMARY.json
forget10,Llama-2-7b-chat-hf,SampleEarlyStopSimNPOIrreversible,absolute_nll_gain,lr2e-5_b8_ga2_beta3.5_delta1_gamma0.25_e10_ies_simnpo_normnll_gain_ge2.0_warm2_patience1_rebounddelta0.2_rpat2,2e-5,8,2,10,3.5,1,0.25,,,2.0,0.2,250,10.0,366.8414,2.7675164465641644e-09,0.6302111478676437,0.7410466222465039,0.09730733909771583,0.06977643489837647,0.3480524942046437,0.5675199635462062,19.55560310687649,/unlearning/experment_data/checkpoints/tofu/forget10/Llama-2-7b-chat-hf/SampleEarlyStopSimNPOIrreversible/lr2e-5_b8_ga2_beta3.5_delta1_gamma0.25_e10_ies_simnpo_normnll_gain_ge2.0_warm2_patience1_rebounddelta0.2_rpat2/eval/TOFU_SUMMARY.json
forget10,Llama-2-7b-chat-hf,SampleEarlyStopSimNPOIrreversible,absolute_nll_gain,lr2e-5_b8_ga2_beta3.5_delta1_gamma0.25_e10_ies_simnpo_normnll_gain_ge2.2_warm2_patience1_rebounddelta0.2_rpat2,2e-5,8,2,10,3.5,1,0.25,,,2.2,0.2,250,10.0,371.614,4.360395687512671e-09,0.6311097285479861,0.7380459262430668,0.10612732654392737,0.06886531829833985,0.3359032392259286,0.5694348063174206,21.756188026982777,/unlearning/experment_data/checkpoints/tofu/forget10/Llama-2-7b-chat-hf/SampleEarlyStopSimNPOIrreversible/lr2e-5_b8_ga2_beta3.5_delta1_gamma0.25_e10_ies_simnpo_normnll_gain_ge2.2_warm2_patience1_rebounddelta0.2_rpat2/eval/TOFU_SUMMARY.json
forget10,Llama-2-7b-chat-hf,SampleEarlyStopSimNPOIrreversible,absolute_nll_gain,lr2e-5_b8_ga4_beta3.5_delta1_gamma0.125_e10_ies_simnpo_normnll_gain_ge1.8_warm2_patience1_rebounddelta0.2_rpat2,2e-5,8,4,10,3.5,1,0.125,,,1.8,0.2,120,9.24,396.6658,1.730834713171486e-15,0.6273845982568874,0.8580229109525681,0.19874844115964543,0.22501174926757814,0.4685841278925569,0.5355997285202253,-66.17243943363846,/unlearning/experment_data/checkpoints/tofu/forget10/Llama-2-7b-chat-hf/SampleEarlyStopSimNPOIrreversible/lr2e-5_b8_ga4_beta3.5_delta1_gamma0.125_e10_ies_simnpo_normnll_gain_ge1.8_warm2_patience1_rebounddelta0.2_rpat2/eval/TOFU_SUMMARY.json
forget10,Llama-2-7b-chat-hf,SampleEarlyStopSimNPOIrreversible,absolute_nll_gain,lr2e-5_b8_ga4_beta3.5_delta1_gamma0.125_e10_ies_simnpo_normnll_gain_ge2.0_warm2_patience1_rebounddelta0.2_rpat2,2e-5,8,4,10,3.5,1,0.125,,,2.0,0.2,120,9.24,403.9894,3.277026375806354e-14,0.6226349370069107,0.8540075238049031,0.18558854004388103,0.21274543762207032,0.4696051839632538,0.5385555177419101,-62.406122293229615,/unlearning/experment_data/checkpoints/tofu/forget10/Llama-2-7b-chat-hf/SampleEarlyStopSimNPOIrreversible/lr2e-5_b8_ga4_beta3.5_delta1_gamma0.125_e10_ies_simnpo_normnll_gain_ge2.0_warm2_patience1_rebounddelta0.2_rpat2/eval/TOFU_SUMMARY.json
forget10,Llama-2-7b-chat-hf,SampleEarlyStopSimNPOIrreversible,absolute_nll_gain,lr2e-5_b8_ga4_beta3.5_delta1_gamma0.125_e10_ies_simnpo_normnll_gain_ge2.2_warm2_patience1_rebounddelta0.2_rpat2,2e-5,8,4,10,3.5,1,0.125,,,2.2,0.2,120,9.24,412.1112,1.02724452984523e-14,0.6201685606930081,0.8549296772480011,0.18987913439072757,0.20987815856933595,0.46986953357136924,0.535677269203775,-61.88438139066215,/unlearning/experment_data/checkpoints/tofu/forget10/Llama-2-7b-chat-hf/SampleEarlyStopSimNPOIrreversible/lr2e-5_b8_ga4_beta3.5_delta1_gamma0.125_e10_ies_simnpo_normnll_gain_ge2.2_warm2_patience1_rebounddelta0.2_rpat2/eval/TOFU_SUMMARY.json
forget10,Llama-2-7b-chat-hf,SampleEarlyStopSimNPOIrreversible,absolute_nll_gain,lr2e-5_b8_ga4_beta3.5_delta1_gamma0.25_e10_ies_simnpo_normnll_gain_ge1.8_warm2_patience1_rebounddelta0.2_rpat2,2e-5,8,4,10,3.5,1,0.25,,,1.8,0.2,120,9.24,347.4132,9.906736183347326e-11,0.6252551390417437,0.8314899332821369,0.1574919742199575,0.13190834045410157,0.42346038525338714,0.5582466534089491,-37.34625456678651,/unlearning/experment_data/checkpoints/tofu/forget10/Llama-2-7b-chat-hf/SampleEarlyStopSimNPOIrreversible/lr2e-5_b8_ga4_beta3.5_delta1_gamma0.25_e10_ies_simnpo_normnll_gain_ge1.8_warm2_patience1_rebounddelta0.2_rpat2/eval/TOFU_SUMMARY.json
forget10,Llama-2-7b-chat-hf,SampleEarlyStopSimNPOIrreversible,absolute_nll_gain,lr2e-5_b8_ga4_beta3.5_delta1_gamma0.25_e10_ies_simnpo_normnll_gain_ge2.0_warm2_patience1_rebounddelta0.2_rpat2,2e-5,8,4,10,3.5,1,0.25,,,2.0,0.2,120,9.24,362.1389,3.647961791830168e-11,0.6293767359605004,0.8266217163205147,0.15405913273487953,0.12182243347167969,0.42189008710286097,0.5567736694407239,-30.38325537295169,/unlearning/experment_data/checkpoints/tofu/forget10/Llama-2-7b-chat-hf/SampleEarlyStopSimNPOIrreversible/lr2e-5_b8_ga4_beta3.5_delta1_gamma0.25_e10_ies_simnpo_normnll_gain_ge2.0_warm2_patience1_rebounddelta0.2_rpat2/eval/TOFU_SUMMARY.json
forget10,Llama-2-7b-chat-hf,SampleEarlyStopSimNPOIrreversible,absolute_nll_gain,lr2e-5_b8_ga4_beta3.5_delta1_gamma0.25_e10_ies_simnpo_normnll_gain_ge2.2_warm2_patience1_rebounddelta0.2_rpat2,2e-5,8,4,10,3.5,1,0.25,,,2.2,0.2,120,9.24,378.7512,7.832452544383501e-12,0.6289529162908711,0.8235187323391437,0.14885181726769445,0.11827476501464844,0.4165139309923596,0.5488406679253935,-29.30206963540468,/unlearning/experment_data/checkpoints/tofu/forget10/Llama-2-7b-chat-hf/SampleEarlyStopSimNPOIrreversible/lr2e-5_b8_ga4_beta3.5_delta1_gamma0.25_e10_ies_simnpo_normnll_gain_ge2.2_warm2_patience1_rebounddelta0.2_rpat2/eval/TOFU_SUMMARY.json
forget10,Llama-2-7b-chat-hf,SampleEarlyStopSimNPOIrreversible,absolute_nll_gain,lr5e-5_b4_ga2_beta3.5_delta1_gamma0.25_e10_ies_simnpo_normnll_gain_ge1.8_warm2_patience1_rebounddelta0.2_rpat2,5e-5,4,2,10,3.5,1,0.25,,,1.8,0.2,500,10.0,542.8179,0.21070561249668102,0.6290992848806347,0.5471645900607109,0.05997171520103045,0.025354019142687322,0.2236148745366061,0.6328929427239326,59.87231613261639,/unlearning/experment_data/checkpoints/tofu/forget10/Llama-2-7b-chat-hf/SampleEarlyStopSimNPOIrreversible/lr5e-5_b4_ga2_beta3.5_delta1_gamma0.25_e10_ies_simnpo_normnll_gain_ge1.8_warm2_patience1_rebounddelta0.2_rpat2/eval/TOFU_SUMMARY.json
forget10,Llama-2-7b-chat-hf,SampleEarlyStopSimNPOIrreversible,absolute_nll_gain,lr5e-5_b4_ga2_beta3.5_delta1_gamma0.25_e10_ies_simnpo_normnll_gain_ge2.0_warm2_patience1_rebounddelta0.2_rpat2,5e-5,4,2,10,3.5,1,0.25,,,2.0,0.2,500,10.0,545.439,0.02424717195471133,0.625031879059167,0.5315657145343721,0.0609913373931668,0.021649416014552118,0.20620017271837507,0.6226861142633849,60.83988056032692,/unlearning/experment_data/checkpoints/tofu/forget10/Llama-2-7b-chat-hf/SampleEarlyStopSimNPOIrreversible/lr5e-5_b4_ga2_beta3.5_delta1_gamma0.25_e10_ies_simnpo_normnll_gain_ge2.0_warm2_patience1_rebounddelta0.2_rpat2/eval/TOFU_SUMMARY.json
forget10,Llama-2-7b-chat-hf,SampleEarlyStopSimNPOIrreversible,absolute_nll_gain,lr5e-5_b4_ga2_beta3.5_delta1_gamma0.25_e10_ies_simnpo_normnll_gain_ge2.2_warm2_patience1_rebounddelta0.2_rpat2,5e-5,4,2,10,3.5,1,0.25,,,2.2,0.2,500,10.0,566.3557,0.4680435421303692,0.6181814025440955,0.5488054119236767,0.06592768000368614,0.025908790081739425,0.2308294912837712,0.6377921843140111,60.590219386246794,/unlearning/experment_data/checkpoints/tofu/forget10/Llama-2-7b-chat-hf/SampleEarlyStopSimNPOIrreversible/lr5e-5_b4_ga2_beta3.5_delta1_gamma0.25_e10_ies_simnpo_normnll_gain_ge2.2_warm2_patience1_rebounddelta0.2_rpat2/eval/TOFU_SUMMARY.json
forget10,Llama-2-7b-chat-hf,SampleEarlyStopSimNPOIrreversible,absolute_nll_gain,lr5e-5_b8_ga2_beta3.5_delta1_gamma0.125_e10_ies_simnpo_normnll_gain_ge1.8_warm2_patience1_rebounddelta0.2_rpat2,5e-5,8,2,10,3.5,1,0.125,,,1.8,0.2,250,10.0,359.5174,0.15461291961180293,0.6190238497129902,0.6726154230162501,0.06955067944618167,0.06337194442749024,0.31692342815095964,0.6584658757517942,45.23860474331961,/unlearning/experment_data/checkpoints/tofu/forget10/Llama-2-7b-chat-hf/SampleEarlyStopSimNPOIrreversible/lr5e-5_b8_ga2_beta3.5_delta1_gamma0.125_e10_ies_simnpo_normnll_gain_ge1.8_warm2_patience1_rebounddelta0.2_rpat2/eval/TOFU_SUMMARY.json
forget10,Llama-2-7b-chat-hf,SampleEarlyStopSimNPOIrreversible,absolute_nll_gain,lr5e-5_b8_ga2_beta3.5_delta1_gamma0.125_e10_ies_simnpo_normnll_gain_ge2.0_warm2_patience1_rebounddelta0.2_rpat2,5e-5,8,2,10,3.5,1,0.125,,,2.0,0.2,250,10.0,367.4693,0.02424717195471133,0.6173992823132306,0.6591577930748462,0.06562052221588172,0.055248355865478514,0.3117090117224388,0.6665394006943646,49.75900053197046,/unlearning/experment_data/checkpoints/tofu/forget10/Llama-2-7b-chat-hf/SampleEarlyStopSimNPOIrreversible/lr5e-5_b8_ga2_beta3.5_delta1_gamma0.125_e10_ies_simnpo_normnll_gain_ge2.0_warm2_patience1_rebounddelta0.2_rpat2/eval/TOFU_SUMMARY.json
forget10,Llama-2-7b-chat-hf,SampleEarlyStopSimNPOIrreversible,absolute_nll_gain,lr5e-5_b8_ga2_beta3.5_delta1_gamma0.125_e10_ies_simnpo_normnll_gain_ge2.2_warm2_patience1_rebounddelta0.2_rpat2,5e-5,8,2,10,3.5,1,0.125,,,2.2,0.2,250,10.0,372.3117,0.02424717195471133,0.6181058900764949,0.6660051286965608,0.06620517303803948,0.05578937530517578,0.30780001554592545,0.6487308505242727,51.27021490405548,/unlearning/experment_data/checkpoints/tofu/forget10/Llama-2-7b-chat-hf/SampleEarlyStopSimNPOIrreversible/lr5e-5_b8_ga2_beta3.5_delta1_gamma0.125_e10_ies_simnpo_normnll_gain_ge2.2_warm2_patience1_rebounddelta0.2_rpat2/eval/TOFU_SUMMARY.json
forget10,Llama-2-7b-chat-hf,SampleEarlyStopSimNPOIrreversible,absolute_nll_gain,lr5e-5_b8_ga2_beta3.5_delta1_gamma0.25_e10_ies_simnpo_normnll_gain_ge1.8_warm2_patience1_rebounddelta0.2_rpat2,5e-5,8,2,10,3.5,1,0.25,,,1.8,0.2,250,10.0,356.1941,0.0005832940307390987,0.6218406570522893,0.5197459918446838,0.04906131354483103,0.021620529617066495,0.1960734203483743,0.5884671966323904,59.73525724317239,/unlearning/experment_data/checkpoints/tofu/forget10/Llama-2-7b-chat-hf/SampleEarlyStopSimNPOIrreversible/lr5e-5_b8_ga2_beta3.5_delta1_gamma0.25_e10_ies_simnpo_normnll_gain_ge1.8_warm2_patience1_rebounddelta0.2_rpat2/eval/TOFU_SUMMARY.json
forget10,Llama-2-7b-chat-hf,SampleEarlyStopSimNPOIrreversible,absolute_nll_gain,lr5e-5_b8_ga2_beta3.5_delta1_gamma0.25_e10_ies_simnpo_normnll_gain_ge2.0_warm2_patience1_rebounddelta0.2_rpat2,5e-5,8,2,10,3.5,1,0.25,,,2.0,0.2,250,10.0,356.4817,0.003828187263300835,0.614732347816872,0.5250141896866262,0.05424979418413058,0.022097054777113954,0.20684087793909542,0.5918036723555703,60.113315592493734,/unlearning/experment_data/checkpoints/tofu/forget10/Llama-2-7b-chat-hf/SampleEarlyStopSimNPOIrreversible/lr5e-5_b8_ga2_beta3.5_delta1_gamma0.25_e10_ies_simnpo_normnll_gain_ge2.0_warm2_patience1_rebounddelta0.2_rpat2/eval/TOFU_SUMMARY.json
forget10,Llama-2-7b-chat-hf,SampleEarlyStopSimNPOIrreversible,absolute_nll_gain,lr5e-5_b8_ga2_beta3.5_delta1_gamma0.25_e10_ies_simnpo_normnll_gain_ge2.2_warm2_patience1_rebounddelta0.2_rpat2,5e-5,8,2,10,3.5,1,0.25,,,2.2,0.2,250,10.0,357.9343,0.0003254839625295495,0.613349237000918,0.47716056065633894,0.0474749931587316,0.01739441645700367,0.19387390241037047,0.576670830097151,61.36467853849537,/unlearning/experment_data/checkpoints/tofu/forget10/Llama-2-7b-chat-hf/SampleEarlyStopSimNPOIrreversible/lr5e-5_b8_ga2_beta3.5_delta1_gamma0.25_e10_ies_simnpo_normnll_gain_ge2.2_warm2_patience1_rebounddelta0.2_rpat2/eval/TOFU_SUMMARY.json
forget10,Llama-2-7b-chat-hf,SampleEarlyStopSimNPOIrreversible,absolute_nll_gain,lr5e-5_b8_ga4_beta3.5_delta1_gamma0.125_e10_ies_simnpo_normnll_gain_ge1.8_warm2_patience1_rebounddelta0.2_rpat2,5e-5,8,4,10,3.5,1,0.125,,,1.8,0.2,120,9.24,313.7499,0.15461291961180293,0.6500363995623722,0.7270859159529209,0.08324242420263922,0.0735108757019043,0.35064135130549495,0.6499135989398289,38.583351159983565,/unlearning/experment_data/checkpoints/tofu/forget10/Llama-2-7b-chat-hf/SampleEarlyStopSimNPOIrreversible/lr5e-5_b8_ga4_beta3.5_delta1_gamma0.125_e10_ies_simnpo_normnll_gain_ge1.8_warm2_patience1_rebounddelta0.2_rpat2/eval/TOFU_SUMMARY.json
forget10,Llama-2-7b-chat-hf,SampleEarlyStopSimNPOIrreversible,absolute_nll_gain,lr5e-5_b8_ga4_beta3.5_delta1_gamma0.125_e10_ies_simnpo_normnll_gain_ge2.0_warm2_patience1_rebounddelta0.2_rpat2,5e-5,8,4,10,3.5,1,0.125,,,2.0,0.2,120,9.24,323.1497,0.036569856408414286,0.6493927741206261,0.7293277335166931,0.08437125950473293,0.07191638946533203,0.3473717826271961,0.6462061245712281,38.88498261928038,/unlearning/experment_data/checkpoints/tofu/forget10/Llama-2-7b-chat-hf/SampleEarlyStopSimNPOIrreversible/lr5e-5_b8_ga4_beta3.5_delta1_gamma0.125_e10_ies_simnpo_normnll_gain_ge2.0_warm2_patience1_rebounddelta0.2_rpat2/eval/TOFU_SUMMARY.json
forget10,Llama-2-7b-chat-hf,SampleEarlyStopSimNPOIrreversible,absolute_nll_gain,lr5e-5_b8_ga4_beta3.5_delta1_gamma0.125_e10_ies_simnpo_normnll_gain_ge2.2_warm2_patience1_rebounddelta0.2_rpat2,5e-5,8,4,10,3.5,1,0.125,,,2.2,0.2,120,9.24,333.5271,0.15461291961180293,0.6382721405014478,0.7211753713339567,0.08523503049608452,0.06777050018310547,0.32592709455093977,0.6456706621620174,43.25354365308248,/unlearning/experment_data/checkpoints/tofu/forget10/Llama-2-7b-chat-hf/SampleEarlyStopSimNPOIrreversible/lr5e-5_b8_ga4_beta3.5_delta1_gamma0.125_e10_ies_simnpo_normnll_gain_ge2.2_warm2_patience1_rebounddelta0.2_rpat2/eval/TOFU_SUMMARY.json
forget10,Llama-2-7b-chat-hf,SampleEarlyStopSimNPOIrreversible,absolute_nll_gain,lr5e-5_b8_ga4_beta3.5_delta1_gamma0.25_e10_ies_simnpo_normnll_gain_ge1.8_warm2_patience1_rebounddelta0.2_rpat2,5e-5,8,4,10,3.5,1,0.25,,,1.8,0.2,120,9.24,305.0418,0.00794521285574355,0.6445406718636939,0.6506213629245758,0.06702707160851099,0.04212104376638308,0.2692291541617642,0.6270744559720713,54.024640020539536,/unlearning/experment_data/checkpoints/tofu/forget10/Llama-2-7b-chat-hf/SampleEarlyStopSimNPOIrreversible/lr5e-5_b8_ga4_beta3.5_delta1_gamma0.25_e10_ies_simnpo_normnll_gain_ge1.8_warm2_patience1_rebounddelta0.2_rpat2/eval/TOFU_SUMMARY.json
forget10,Llama-2-7b-chat-hf,SampleEarlyStopSimNPOIrreversible,absolute_nll_gain,lr5e-5_b8_ga4_beta3.5_delta1_gamma0.25_e10_ies_simnpo_normnll_gain_ge2.0_warm2_patience1_rebounddelta0.2_rpat2,5e-5,8,4,10,3.5,1,0.25,,,2.0,0.2,120,9.24,306.5518,0.019594795142993927,0.6493228887750607,0.65779068749398,0.06893540824111552,0.04395927491248585,0.2713467189138273,0.6321698019753791,53.22878133908409,/unlearning/experment_data/checkpoints/tofu/forget10/Llama-2-7b-chat-hf/SampleEarlyStopSimNPOIrreversible/lr5e-5_b8_ga4_beta3.5_delta1_gamma0.25_e10_ies_simnpo_normnll_gain_ge2.0_warm2_patience1_rebounddelta0.2_rpat2/eval/TOFU_SUMMARY.json
forget10,Llama-2-7b-chat-hf,SampleEarlyStopSimNPOIrreversible,absolute_nll_gain,lr5e-5_b8_ga4_beta3.5_delta1_gamma0.25_e10_ies_simnpo_normnll_gain_ge2.2_warm2_patience1_rebounddelta0.2_rpat2,5e-5,8,4,10,3.5,1,0.25,,,2.2,0.2,120,9.24,310.3741,0.0022938851536275073,0.6440088355242368,0.6485603405348956,0.06511862488065502,0.0390203322248999,0.2773467638974004,0.6251240007806527,56.44584389651664,/unlearning/experment_data/checkpoints/tofu/forget10/Llama-2-7b-chat-hf/SampleEarlyStopSimNPOIrreversible/lr5e-5_b8_ga4_beta3.5_delta1_gamma0.25_e10_ies_simnpo_normnll_gain_ge2.2_warm2_patience1_rebounddelta0.2_rpat2/eval/TOFU_SUMMARY.json
forget10,Llama-2-7b-chat-hf,SimNPO,baseline,lr1e-5_b4_ga2_beta3.5_delta1_gamma0.25_e10,1e-5,4,2,10,3.5,1,0.25,,,,,500,10.0,566.681,5.7046977773929285e-15,0.6287584718663924,0.8117130802571774,0.13334543482004682,0.11670093536376953,0.4206850608333427,0.5305418081855734,-29.74228852194596,/unlearning/experment_data/checkpoints/tofu/forget10/Llama-2-7b-chat-hf/SimNPO/lr1e-5_b4_ga2_beta3.5_delta1_gamma0.25_e10/eval/TOFU_SUMMARY.json
forget10,Llama-2-7b-chat-hf,SimNPO,baseline,lr2e-5_b4_ga2_beta3.5_delta1_gamma0.25_e10,2e-5,4,2,10,3.5,1,0.25,,,,,500,10.0,568.2617,0.0029708770428139948,0.6342869652233599,0.5293273507896811,0.05393492061661455,0.019693947583436965,0.23623117672009117,0.5881805955935453,57.581037969680985,/unlearning/experment_data/checkpoints/tofu/forget10/Llama-2-7b-chat-hf/SimNPO/lr2e-5_b4_ga2_beta3.5_delta1_gamma0.25_e10/eval/TOFU_SUMMARY.json
forget10,Llama-2-7b-chat-hf,SimNPO,baseline,lr2e-5_b8_ga2_beta3.5_delta1_gamma0.125_e10_nlltraj,2e-5,8,2,10,3.5,1,0.125,,,,,250,10.0,492.7439,1.7473118094396964e-09,0.6308693705621263,0.6602423760294914,0.06829316001204223,0.04733827590942383,0.3127673574059699,0.5582481763961678,41.71991072659025,/unlearning/experment_data/checkpoints/tofu/forget10/Llama-2-7b-chat-hf/SimNPO/lr2e-5_b8_ga2_beta3.5_delta1_gamma0.125_e10_nlltraj/eval/TOFU_SUMMARY.json
forget10,Llama-2-7b-chat-hf,SimNPO,baseline,lr2e-5_b8_ga2_beta3.5_delta1_gamma0.25_e10_nlltraj,2e-5,8,2,10,3.5,1,0.25,,,,,250,10.0,503.6799,1.7473118094396964e-09,0.6351959251828833,0.7340351270139217,0.08290055558618827,0.050756092071533206,0.3570390654499937,0.5549762887362015,42.41896201401461,/unlearning/experment_data/checkpoints/tofu/forget10/Llama-2-7b-chat-hf/SimNPO/lr2e-5_b8_ga2_beta3.5_delta1_gamma0.25_e10_nlltraj/eval/TOFU_SUMMARY.json
forget10,Llama-2-7b-chat-hf,SimNPO,baseline,lr2e-5_b8_ga4_beta3.5_delta1_gamma0.125_e10_nlltraj,2e-5,8,4,10,3.5,1,0.125,,,,,120,9.24,437.6118,2.241003819205479e-17,0.6271827288089918,0.8511644341051579,0.18134759153782018,0.1959044647216797,0.4755939439395013,0.5218302220401249,-50.561992389828156,/unlearning/experment_data/checkpoints/tofu/forget10/Llama-2-7b-chat-hf/SimNPO/lr2e-5_b8_ga4_beta3.5_delta1_gamma0.125_e10_nlltraj/eval/TOFU_SUMMARY.json
forget10,Llama-2-7b-chat-hf,SimNPO,baseline,lr2e-5_b8_ga4_beta3.5_delta1_gamma0.25_e10_nlltraj,2e-5,8,4,10,3.5,1,0.25,,,,,120,9.24,438.2312,2.196072998681761e-11,0.6320883685169035,0.8137586553394794,0.13397596536051073,0.10707550048828125,0.42633306862135456,0.5530192774963301,-10.964711155519195,/unlearning/experment_data/checkpoints/tofu/forget10/Llama-2-7b-chat-hf/SimNPO/lr2e-5_b8_ga4_beta3.5_delta1_gamma0.25_e10_nlltraj/eval/TOFU_SUMMARY.json
forget10,Llama-2-7b-chat-hf,SimNPO,baseline,lr5e-5_b4_ga2_beta3.5_delta1_gamma0.25_e10,5e-5,4,2,10,3.5,1,0.25,,,,,500,10.0,567.1965,5.974773347845895e-08,0.5887030208900185,0.49899917320348325,0.05193894974388014,0.018445386346211307,0.19715044414917962,0.6196836084470843,62.38777983962373,/unlearning/experment_data/checkpoints/tofu/forget10/Llama-2-7b-chat-hf/SimNPO/lr5e-5_b4_ga2_beta3.5_delta1_gamma0.25_e10/eval/TOFU_SUMMARY.json
forget10,Llama-2-7b-chat-hf,SimNPO,baseline,lr5e-5_b8_ga2_beta3.5_delta1_gamma0.125_e10_nlltraj,5e-5,8,2,10,3.5,1,0.125,,,,,250,10.0,506.5962,0.04457247091405896,0.6278729915122285,0.6493613434582949,0.06880201024566862,0.045723478535655886,0.2851002532144891,0.6234732344436196,56.90848133746511,/unlearning/experment_data/checkpoints/tofu/forget10/Llama-2-7b-chat-hf/SimNPO/lr5e-5_b8_ga2_beta3.5_delta1_gamma0.125_e10_nlltraj/eval/TOFU_SUMMARY.json
forget10,Llama-2-7b-chat-hf,SimNPO,baseline,lr5e-5_b8_ga2_beta3.5_delta1_gamma0.25_e10_nlltraj,5e-5,8,2,10,3.5,1,0.25,,,,,250,10.0,500.6308,4.455792684961036e-06,0.6178734842785062,0.5715567921474576,0.05929750681565087,0.02371833737939596,0.2524521103690843,0.6353634443568109,61.82731597944384,/unlearning/experment_data/checkpoints/tofu/forget10/Llama-2-7b-chat-hf/SimNPO/lr5e-5_b8_ga2_beta3.5_delta1_gamma0.25_e10_nlltraj/eval/TOFU_SUMMARY.json
forget10,Llama-2-7b-chat-hf,SimNPO,baseline,lr5e-5_b8_ga4_beta3.5_delta1_gamma0.125_e10_nlltraj,5e-5,8,4,10,3.5,1,0.125,,,,,120,9.24,438.2472,0.18096072488295206,0.6359527131887214,0.6977522419393063,0.07879342319309647,0.061456112023442984,0.33157750911281125,0.6393775492676419,49.39979414885515,/unlearning/experment_data/checkpoints/tofu/forget10/Llama-2-7b-chat-hf/SimNPO/lr5e-5_b8_ga4_beta3.5_delta1_gamma0.125_e10_nlltraj/eval/TOFU_SUMMARY.json
forget10,Llama-2-7b-chat-hf,SimNPO,baseline,lr5e-5_b8_ga4_beta3.5_delta1_gamma0.25_e10_nlltraj,5e-5,8,4,10,3.5,1,0.25,,,,,120,9.24,440.5683,0.003828187263300835,0.6241047212226261,0.6104464357718825,0.05983141486792272,0.03104764390605851,0.28530102760197423,0.6175331941650178,58.761069151659726,/unlearning/experment_data/checkpoints/tofu/forget10/Llama-2-7b-chat-hf/SimNPO/lr5e-5_b8_ga4_beta3.5_delta1_gamma0.25_e10_nlltraj/eval/TOFU_SUMMARY.json
forget10,Llama-2-7b-chat-hf,SampleEarlyStopSimNPOMarginalRatioDropStopped,marginal_ratio_drop_stopped,lr2e-5_b4_ga2_beta3.5_delta1_gamma0.25_e10_marginalratio_ma2_stop0.15_rebound0.1_dropstopped_fixed_baseline_denoms_no_retain_recovery,2e-5,4,2,10,3.5,1,0.25,2,0.15,,0.1,,,,3.596289960343452e-05,0.6425553238515583,0.5392849990073592,0.05360124106989601,0.02299276921432465,0.2711423898586957,0.5831725542971496,56.73066144000805,/unlearning/experment_data/checkpoints/tofu/forget10/Llama-2-7b-chat-hf/SampleEarlyStopSimNPOMarginalRatioDropStopped/lr2e-5_b4_ga2_beta3.5_delta1_gamma0.25_e10_marginalratio_ma2_stop0.15_rebound0.1_dropstopped_fixed_baseline_denoms_no_retain_recovery/eval/TOFU_SUMMARY.json
forget10,Llama-2-7b-chat-hf,SampleEarlyStopSimNPOMarginalRatioDropStopped,marginal_ratio_drop_stopped,lr2e-5_b4_ga2_beta3.5_delta1_gamma0.25_e10_marginalratio_ma2_stop0.1_rebound0.1_dropstopped_fixed_baseline_denoms_no_retain_recovery,2e-5,4,2,10,3.5,1,0.25,2,0.1,,0.1,,,,6.392505006995772e-06,0.6440542763547068,0.5452516005188227,0.05343604137327864,0.02429451420903206,0.2604130020937061,0.5792415090803094,56.263438385658084,/unlearning/experment_data/checkpoints/tofu/forget10/Llama-2-7b-chat-hf/SampleEarlyStopSimNPOMarginalRatioDropStopped/lr2e-5_b4_ga2_beta3.5_delta1_gamma0.25_e10_marginalratio_ma2_stop0.1_rebound0.1_dropstopped_fixed_baseline_denoms_no_retain_recovery/eval/TOFU_SUMMARY.json
forget10,Llama-2-7b-chat-hf,SampleEarlyStopSimNPOMarginalRatioDropStopped,marginal_ratio_drop_stopped,lr2e-5_b4_ga2_beta3.5_delta1_gamma0.25_e10_marginalratio_ma2_stop0.20_rebound0.1_dropstopped_fixed_baseline_denoms_no_retain_recovery,2e-5,4,2,10,3.5,1,0.25,2,0.20,,0.1,,,,0.0001305755477065129,0.6403724684255906,0.5361875439807773,0.052349120509871214,0.02250149900559336,0.27793792482508983,0.5836221864374558,57.253930880376004,/unlearning/experment_data/checkpoints/tofu/forget10/Llama-2-7b-chat-hf/SampleEarlyStopSimNPOMarginalRatioDropStopped/lr2e-5_b4_ga2_beta3.5_delta1_gamma0.25_e10_marginalratio_ma2_stop0.20_rebound0.1_dropstopped_fixed_baseline_denoms_no_retain_recovery/eval/TOFU_SUMMARY.json
forget10,Llama-2-7b-chat-hf,SampleEarlyStopSimNPOMarginalRatioDropStopped,marginal_ratio_drop_stopped,lr2e-5_b8_ga2_beta3.5_delta1_gamma0.25_e10_marginalratio_ma2_stop0.15_rebound0.1_dropstopped_fixed_baseline_denoms_no_retain_recovery,2e-5,8,2,10,3.5,1,0.25,2,0.15,,0.1,,,,6.834081702543897e-09,0.6314111817594721,0.7483313851058483,0.0928871988738846,0.05474556565284729,0.3598855451347557,0.5513445797695411,36.891769327440635,/unlearning/experment_data/checkpoints/tofu/forget10/Llama-2-7b-chat-hf/SampleEarlyStopSimNPOMarginalRatioDropStopped/lr2e-5_b8_ga2_beta3.5_delta1_gamma0.25_e10_marginalratio_ma2_stop0.15_rebound0.1_dropstopped_fixed_baseline_denoms_no_retain_recovery/eval/TOFU_SUMMARY.json
forget10,Llama-2-7b-chat-hf,SampleEarlyStopSimNPOMarginalRatioDropStopped,marginal_ratio_drop_stopped,lr2e-5_b8_ga2_beta3.5_delta1_gamma0.25_e10_marginalratio_ma2_stop0.1_rebound0.1_dropstopped_fixed_baseline_denoms_no_retain_recovery,2e-5,8,2,10,3.5,1,0.25,2,0.1,,0.1,,,,2.7675164465641644e-09,0.6349743802937611,0.7489183178544044,0.0936597749568893,0.05473096251487732,0.3608284349163619,0.5498801866726665,36.63293692655757,/unlearning/experment_data/checkpoints/tofu/forget10/Llama-2-7b-chat-hf/SampleEarlyStopSimNPOMarginalRatioDropStopped/lr2e-5_b8_ga2_beta3.5_delta1_gamma0.25_e10_marginalratio_ma2_stop0.1_rebound0.1_dropstopped_fixed_baseline_denoms_no_retain_recovery/eval/TOFU_SUMMARY.json
forget10,Llama-2-7b-chat-hf,SampleEarlyStopSimNPOMarginalRatioDropStopped,marginal_ratio_drop_stopped,lr2e-5_b8_ga2_beta3.5_delta1_gamma0.25_e10_marginalratio_ma2_stop0.20_rebound0.1_dropstopped_fixed_baseline_denoms_no_retain_recovery,2e-5,8,2,10,3.5,1,0.25,2,0.20,,0.1,,,,4.360395687512671e-09,0.6327085061445558,0.7472284401953221,0.0930713990232051,0.0546402633190155,0.3598915554007458,0.5513059447492441,35.27661438492225,/unlearning/experment_data/checkpoints/tofu/forget10/Llama-2-7b-chat-hf/SampleEarlyStopSimNPOMarginalRatioDropStopped/lr2e-5_b8_ga2_beta3.5_delta1_gamma0.25_e10_marginalratio_ma2_stop0.20_rebound0.1_dropstopped_fixed_baseline_denoms_no_retain_recovery/eval/TOFU_SUMMARY.json
forget10,Llama-2-7b-chat-hf,SampleEarlyStopSimNPOMarginalRatioDropStopped,marginal_ratio_drop_stopped,lr5e-5_b4_ga2_beta3.5_delta1_gamma0.25_e10_marginalratio_ma2_stop0.15_rebound0.1_dropstopped_fixed_baseline_denoms_no_retain_recovery,5e-5,4,2,10,3.5,1,0.25,2,0.15,,0.1,,,,1.3711905167668337e-07,0.5688892239840521,0.5059052207134664,0.05259535599926504,0.02191781593057385,0.19806199609418595,0.6323467565442088,62.50904383846265,/unlearning/experment_data/checkpoints/tofu/forget10/Llama-2-7b-chat-hf/SampleEarlyStopSimNPOMarginalRatioDropStopped/lr5e-5_b4_ga2_beta3.5_delta1_gamma0.25_e10_marginalratio_ma2_stop0.15_rebound0.1_dropstopped_fixed_baseline_denoms_no_retain_recovery/eval/TOFU_SUMMARY.json
forget10,Llama-2-7b-chat-hf,SampleEarlyStopSimNPOMarginalRatioDropStopped,marginal_ratio_drop_stopped,lr5e-5_b4_ga2_beta3.5_delta1_gamma0.25_e10_marginalratio_ma2_stop0.1_rebound0.1_dropstopped_fixed_baseline_denoms_no_retain_recovery,5e-5,4,2,10,3.5,1,0.25,2,0.1,,0.1,,,,1.4629553806612078e-06,0.571531789030218,0.5175273159332573,0.05388132713534844,0.024381324223868434,0.19381456606205014,0.6350224910333049,62.27161096678645,/unlearning/experment_data/checkpoints/tofu/forget10/Llama-2-7b-chat-hf/SampleEarlyStopSimNPOMarginalRatioDropStopped/lr5e-5_b4_ga2_beta3.5_delta1_gamma0.25_e10_marginalratio_ma2_stop0.1_rebound0.1_dropstopped_fixed_baseline_denoms_no_retain_recovery/eval/TOFU_SUMMARY.json
forget10,Llama-2-7b-chat-hf,SampleEarlyStopSimNPOMarginalRatioDropStopped,marginal_ratio_drop_stopped,lr5e-5_b4_ga2_beta3.5_delta1_gamma0.25_e10_marginalratio_ma2_stop0.20_rebound0.1_dropstopped_fixed_baseline_denoms_no_retain_recovery,5e-5,4,2,10,3.5,1,0.25,2,0.20,,0.1,,,,1.0655053900451827e-08,0.5697036772734246,0.49326688605360686,0.05044741521290352,0.020350745481046033,0.19539656334467687,0.6248626226718538,62.505986762861674,/unlearning/experment_data/checkpoints/tofu/forget10/Llama-2-7b-chat-hf/SampleEarlyStopSimNPOMarginalRatioDropStopped/lr5e-5_b4_ga2_beta3.5_delta1_gamma0.25_e10_marginalratio_ma2_stop0.20_rebound0.1_dropstopped_fixed_baseline_denoms_no_retain_recovery/eval/TOFU_SUMMARY.json
forget10,Llama-2-7b-chat-hf,SampleEarlyStopSimNPOMarginalRatioDropStopped,marginal_ratio_drop_stopped,lr5e-5_b8_ga2_beta3.5_delta1_gamma0.25_e10_marginalratio_ma2_stop0.15_rebound0.1_dropstopped_fixed_baseline_denoms_no_retain_recovery,5e-5,8,2,10,3.5,1,0.25,2,0.15,,0.1,,,,0.0001305755477065129,0.6186139375506514,0.5602636522613466,0.052663864668180495,0.023533234527567403,0.23418472891664158,0.6393049063708585,62.1758225979557,/unlearning/experment_data/checkpoints/tofu/forget10/Llama-2-7b-chat-hf/SampleEarlyStopSimNPOMarginalRatioDropStopped/lr5e-5_b8_ga2_beta3.5_delta1_gamma0.25_e10_marginalratio_ma2_stop0.15_rebound0.1_dropstopped_fixed_baseline_denoms_no_retain_recovery/eval/TOFU_SUMMARY.json
forget10,Llama-2-7b-chat-hf,SampleEarlyStopSimNPOMarginalRatioDropStopped,marginal_ratio_drop_stopped,lr5e-5_b8_ga2_beta3.5_delta1_gamma0.25_e10_marginalratio_ma2_stop0.1_rebound0.1_dropstopped_fixed_baseline_denoms_no_retain_recovery,5e-5,8,2,10,3.5,1,0.25,2,0.1,,0.1,,,,2.5720789009736948e-05,0.6091771323172204,0.5601939193718135,0.05185866133581925,0.023112353237811478,0.23204258576440648,0.6405708044205363,62.09124350632855,/unlearning/experment_data/checkpoints/tofu/forget10/Llama-2-7b-chat-hf/SampleEarlyStopSimNPOMarginalRatioDropStopped/lr5e-5_b8_ga2_beta3.5_delta1_gamma0.25_e10_marginalratio_ma2_stop0.1_rebound0.1_dropstopped_fixed_baseline_denoms_no_retain_recovery/eval/TOFU_SUMMARY.json
forget10,Llama-2-7b-chat-hf,SampleEarlyStopSimNPOMarginalRatioDropStopped,marginal_ratio_drop_stopped,lr5e-5_b8_ga2_beta3.5_delta1_gamma0.25_e10_marginalratio_ma2_stop0.20_rebound0.1_dropstopped_fixed_baseline_denoms_no_retain_recovery,5e-5,8,2,10,3.5,1,0.25,2,0.20,,0.1,,,,6.923241573443553e-05,0.6071873044508909,0.5634052849002182,0.05645700515025325,0.026094838792923836,0.23582801085164476,0.6405196024335492,61.89864774346675,/unlearning/experment_data/checkpoints/tofu/forget10/Llama-2-7b-chat-hf/SampleEarlyStopSimNPOMarginalRatioDropStopped/lr5e-5_b8_ga2_beta3.5_delta1_gamma0.25_e10_marginalratio_ma2_stop0.20_rebound0.1_dropstopped_fixed_baseline_denoms_no_retain_recovery/eval/TOFU_SUMMARY.json
forget10,Llama-2-7b-chat-hf,SampleEarlyStopSimNPOMarginalRatio,marginal_ratio_fullretain,lr2e-5_b4_ga2_beta3.5_delta1_gamma0.25_e10_marginalratio_ma2_stop0.15_rebound0.1_fullretain_fixed_forget_denom,2e-5,4,2,10,3.5,1,0.25,2,0.15,,0.1,500,10.0,563.0409,0.004907932356726081,0.6329440345285146,0.49689126227051017,0.038849505403656365,0.019615008533000945,0.2523998355933806,0.6023361829956495,56.95433747147983,/unlearning/experment_data/checkpoints/tofu/forget10/Llama-2-7b-chat-hf/SampleEarlyStopSimNPOMarginalRatio/lr2e-5_b4_ga2_beta3.5_delta1_gamma0.25_e10_marginalratio_ma2_stop0.15_rebound0.1_fullretain_fixed_forget_denom/eval/TOFU_SUMMARY.json
forget10,Llama-2-7b-chat-hf,SampleEarlyStopSimNPOMarginalRatio,marginal_ratio_fullretain,lr2e-5_b4_ga2_beta3.5_delta1_gamma0.25_e10_marginalratio_ma2_stop0.1_rebound0.1_fullretain_fixed_forget_denom,2e-5,4,2,10,3.5,1,0.25,2,0.1,,0.1,500,10.0,563.0943,0.015755280926407406,0.633001279166999,0.48695213100872936,0.03873173319607572,0.018435443639755248,0.2473360098489681,0.6059589500283841,57.65440778410452,/unlearning/experment_data/checkpoints/tofu/forget10/Llama-2-7b-chat-hf/SampleEarlyStopSimNPOMarginalRatio/lr2e-5_b4_ga2_beta3.5_delta1_gamma0.25_e10_marginalratio_ma2_stop0.1_rebound0.1_fullretain_fixed_forget_denom/eval/TOFU_SUMMARY.json
forget10,Llama-2-7b-chat-hf,SampleEarlyStopSimNPOMarginalRatio,marginal_ratio_fullretain,lr2e-5_b4_ga2_beta3.5_delta1_gamma0.25_e10_marginalratio_ma2_stop0.1_rebound0.1_marginalrecovery_fullretain_fixed_forget_denom_best2,2e-5,4,2,10,3.5,1,0.25,2,0.1,,0.1,500,10.0,570.2569,0.004907932356726081,0.6337490249492407,0.49443531535565854,0.04000853088756316,0.021343038976192476,0.2481326167470132,0.6038889979905498,57.022612159901755,/unlearning/experment_data/checkpoints/tofu/forget10/Llama-2-7b-chat-hf/SampleEarlyStopSimNPOMarginalRatio/lr2e-5_b4_ga2_beta3.5_delta1_gamma0.25_e10_marginalratio_ma2_stop0.1_rebound0.1_marginalrecovery_fullretain_fixed_forget_denom_best2/eval/TOFU_SUMMARY.json
forget10,Llama-2-7b-chat-hf,SampleEarlyStopSimNPOMarginalRatio,marginal_ratio_fullretain,lr2e-5_b4_ga2_beta3.5_delta1_gamma0.25_e10_marginalratio_ma2_stop0.20_rebound0.1_fullretain_fixed_forget_denom,2e-5,4,2,10,3.5,1,0.25,2,0.20,,0.1,500,10.0,569.3678,0.0029708770428139948,0.6336720467389209,0.5039462074823677,0.039201823466747415,0.020576338171958922,0.2501920086163464,0.5951506090735537,56.59462157576439,/unlearning/experment_data/checkpoints/tofu/forget10/Llama-2-7b-chat-hf/SampleEarlyStopSimNPOMarginalRatio/lr2e-5_b4_ga2_beta3.5_delta1_gamma0.25_e10_marginalratio_ma2_stop0.20_rebound0.1_fullretain_fixed_forget_denom/eval/TOFU_SUMMARY.json
forget10,Llama-2-7b-chat-hf,SampleEarlyStopSimNPOMarginalRatio,marginal_ratio_fullretain,lr2e-5_b8_ga2_beta3.5_delta1_gamma0.25_e10_marginalratio_ma2_stop0.15_rebound0.1_fullretain_fixed_forget_denom,2e-5,8,2,10,3.5,1,0.25,2,0.15,,0.1,250,10.0,400.9772,4.360395687512671e-09,0.635393430231631,0.7550182018429041,0.09822618721920254,0.06220710337162018,0.3619519676363177,0.5543422579589297,31.690664704971304,/unlearning/experment_data/checkpoints/tofu/forget10/Llama-2-7b-chat-hf/SampleEarlyStopSimNPOMarginalRatio/lr2e-5_b8_ga2_beta3.5_delta1_gamma0.25_e10_marginalratio_ma2_stop0.15_rebound0.1_fullretain_fixed_forget_denom/eval/TOFU_SUMMARY.json
forget10,Llama-2-7b-chat-hf,SampleEarlyStopSimNPOMarginalRatio,marginal_ratio_fullretain,lr2e-5_b8_ga2_beta3.5_delta1_gamma0.25_e10_marginalratio_ma2_stop0.1_rebound0.1_fullretain_fixed_forget_denom,2e-5,8,2,10,3.5,1,0.25,2,0.1,,0.1,250,10.0,406.2878,2.7675164465641644e-09,0.6366538651003332,0.7534665484726429,0.09744644384953101,0.06160059750080109,0.36020664104978245,0.5526804273640186,32.04630449988545,/unlearning/experment_data/checkpoints/tofu/forget10/Llama-2-7b-chat-hf/SampleEarlyStopSimNPOMarginalRatio/lr2e-5_b8_ga2_beta3.5_delta1_gamma0.25_e10_marginalratio_ma2_stop0.1_rebound0.1_fullretain_fixed_forget_denom/eval/TOFU_SUMMARY.json
forget10,Llama-2-7b-chat-hf,SampleEarlyStopSimNPOMarginalRatio,marginal_ratio_fullretain,lr2e-5_b8_ga2_beta3.5_delta1_gamma0.25_e10_marginalratio_ma2_stop0.20_rebound0.1_fullretain_fixed_forget_denom,2e-5,8,2,10,3.5,1,0.25,2,0.20,,0.1,250,10.0,404.2183,4.360395687512671e-09,0.6359472521525847,0.755018894597888,0.09792748238923324,0.06257642328739166,0.36550551431102435,0.5538580412870748,30.999765619149557,/unlearning/experment_data/checkpoints/tofu/forget10/Llama-2-7b-chat-hf/SampleEarlyStopSimNPOMarginalRatio/lr2e-5_b8_ga2_beta3.5_delta1_gamma0.25_e10_marginalratio_ma2_stop0.20_rebound0.1_fullretain_fixed_forget_denom/eval/TOFU_SUMMARY.json
forget10,Llama-2-7b-chat-hf,SampleEarlyStopSimNPOMarginalRatio,marginal_ratio_fullretain,lr5e-5_b4_ga2_beta3.5_delta1_gamma0.25_e10_marginalratio_ma2_stop0.15_rebound0.1_fullretain_fixed_forget_denom,5e-5,4,2,10,3.5,1,0.25,2,0.15,,0.1,500,10.0,555.7103,6.923241573443553e-05,0.5911444709575083,0.5978233841061592,0.06481290910992347,0.0307509383559227,0.2685315429585475,0.6302538464283841,61.53995087295161,/unlearning/experment_data/checkpoints/tofu/forget10/Llama-2-7b-chat-hf/SampleEarlyStopSimNPOMarginalRatio/lr5e-5_b4_ga2_beta3.5_delta1_gamma0.25_e10_marginalratio_ma2_stop0.15_rebound0.1_fullretain_fixed_forget_denom/eval/TOFU_SUMMARY.json
forget10,Llama-2-7b-chat-hf,SampleEarlyStopSimNPOMarginalRatio,marginal_ratio_fullretain,lr5e-5_b4_ga2_beta3.5_delta1_gamma0.25_e10_marginalratio_ma2_stop0.1_rebound0.1_fullretain_fixed_forget_denom,5e-5,4,2,10,3.5,1,0.25,2,0.1,,0.1,500,10.0,554.1399,0.00017795251634334,0.590637462122265,0.5951131039485336,0.06327608899034078,0.030720502883195878,0.26692029063651995,0.6308300024777905,61.518551343744754,/unlearning/experment_data/checkpoints/tofu/forget10/Llama-2-7b-chat-hf/SampleEarlyStopSimNPOMarginalRatio/lr5e-5_b4_ga2_beta3.5_delta1_gamma0.25_e10_marginalratio_ma2_stop0.1_rebound0.1_fullretain_fixed_forget_denom/eval/TOFU_SUMMARY.json
forget10,Llama-2-7b-chat-hf,SampleEarlyStopSimNPOMarginalRatio,marginal_ratio_fullretain,lr5e-5_b4_ga2_beta3.5_delta1_gamma0.25_e10_marginalratio_ma2_stop0.20_rebound0.1_fullretain_fixed_forget_denom,5e-5,4,2,10,3.5,1,0.25,2,0.20,,0.1,500,10.0,558.1739,0.0001305755477065129,0.5890512634463216,0.5969437325000763,0.0630997941543916,0.030944946855306625,0.26905454676751334,0.6302866439558111,61.45537178132447,/unlearning/experment_data/checkpoints/tofu/forget10/Llama-2-7b-chat-hf/SampleEarlyStopSimNPOMarginalRatio/lr5e-5_b4_ga2_beta3.5_delta1_gamma0.25_e10_marginalratio_ma2_stop0.20_rebound0.1_fullretain_fixed_forget_denom/eval/TOFU_SUMMARY.json
forget10,Llama-2-7b-chat-hf,SampleEarlyStopSimNPOMarginalRatio,marginal_ratio_fullretain,lr5e-5_b8_ga2_beta3.5_delta1_gamma0.25_e10_marginalratio_ma2_stop0.15_rebound0.1_fullretain_fixed_forget_denom,5e-5,8,2,10,3.5,1,0.25,2,0.15,,0.1,250,10.0,386.5011,0.001024214776236788,0.6142080959044663,0.5822998585738242,0.061021728619064304,0.02597615463193506,0.24692075036828068,0.6305527818607654,61.02941924758777,/unlearning/experment_data/checkpoints/tofu/forget10/Llama-2-7b-chat-hf/SampleEarlyStopSimNPOMarginalRatio/lr5e-5_b8_ga2_beta3.5_delta1_gamma0.25_e10_marginalratio_ma2_stop0.15_rebound0.1_fullretain_fixed_forget_denom/eval/TOFU_SUMMARY.json
forget10,Llama-2-7b-chat-hf,SampleEarlyStopSimNPOMarginalRatio,marginal_ratio_fullretain,lr5e-5_b8_ga2_beta3.5_delta1_gamma0.25_e10_marginalratio_ma2_stop0.1_rebound0.1_fullretain_fixed_forget_denom,5e-5,8,2,10,3.5,1,0.25,2,0.1,,0.1,250,10.0,385.32,0.0013468720321565051,0.6139840233358537,0.5805010446906089,0.06054693668540324,0.025511978096328675,0.24462362634376386,0.6311501720592553,61.13539786842177,/unlearning/experment_data/checkpoints/tofu/forget10/Llama-2-7b-chat-hf/SampleEarlyStopSimNPOMarginalRatio/lr5e-5_b8_ga2_beta3.5_delta1_gamma0.25_e10_marginalratio_ma2_stop0.1_rebound0.1_fullretain_fixed_forget_denom/eval/TOFU_SUMMARY.json
forget10,Llama-2-7b-chat-hf,SampleEarlyStopSimNPOMarginalRatio,marginal_ratio_fullretain,lr5e-5_b8_ga2_beta3.5_delta1_gamma0.25_e10_marginalratio_ma2_stop0.20_rebound0.1_fullretain_fixed_forget_denom,5e-5,8,2,10,3.5,1,0.25,2,0.20,,0.1,250,10.0,387.7204,0.0005832940307390987,0.614960588837898,0.5794583342969417,0.06127189099720038,0.025447257272899152,0.24917216086546756,0.6312913532760449,61.1894062040391,/unlearning/experment_data/checkpoints/tofu/forget10/Llama-2-7b-chat-hf/SampleEarlyStopSimNPOMarginalRatio/lr5e-5_b8_ga2_beta3.5_delta1_gamma0.25_e10_marginalratio_ma2_stop0.20_rebound0.1_fullretain_fixed_forget_denom/eval/TOFU_SUMMARY.json
forget10,Llama-2-7b-chat-hf,SampleEarlyStopSimNPOIrreversible,second_difference,lr5e-5_b4_ga2_beta3.5_delta1_gamma0.25_e10_ies_simnpo_irreversible_d2absmean3_tau0.05,5e-5,4,2,10,3.5,1,0.25,,,,,500,10.0,568.6129,3.913229651378406e-08,0.5884192413809334,0.49887002022005617,0.05164981822714504,0.018399466461523843,0.19676654624533868,0.6207543891770464,62.38879886482407,/unlearning/experment_data/checkpoints/tofu/forget10/Llama-2-7b-chat-hf/SampleEarlyStopSimNPOIrreversible/lr5e-5_b4_ga2_beta3.5_delta1_gamma0.25_e10_ies_simnpo_irreversible_d2absmean3_tau0.05/eval/TOFU_SUMMARY.json
forget10,Llama-2-7b-chat-hf,SampleEarlyStopSimNPOIrreversible,second_difference,lr5e-5_b4_ga2_beta3.5_delta1_gamma0.25_e10_ies_simnpo_irreversible_d2absmean3_tau0.1,5e-5,4,2,10,3.5,1,0.25,,,,,492,10.0,558.1479,1.652551353350331e-08,0.5890625886165568,0.49902961450628935,0.05167740897655956,0.01839658265114849,0.19468763037123776,0.620584449058759,62.38472276402275,/unlearning/experment_data/checkpoints/tofu/forget10/Llama-2-7b-chat-hf/SampleEarlyStopSimNPOIrreversible/lr5e-5_b4_ga2_beta3.5_delta1_gamma0.25_e10_ies_simnpo_irreversible_d2absmean3_tau0.1/eval/TOFU_SUMMARY.json
forget10,Llama-2-7b-chat-hf,SampleEarlyStopSimNPOIrreversible,second_difference,lr5e-5_b4_ga2_beta3.5_delta1_gamma0.25_e10_ies_simnpo_irreversible_d2absmean3_tau0.15,5e-5,4,2,10,3.5,1,0.25,,,,,482,10.0,546.383,3.913229651378406e-08,0.5905411021410967,0.49872518629767,0.051067866503312465,0.01844471004780644,0.19532525484677873,0.6203332036515979,62.40510326802929,/unlearning/experment_data/checkpoints/tofu/forget10/Llama-2-7b-chat-hf/SampleEarlyStopSimNPOIrreversible/lr5e-5_b4_ga2_beta3.5_delta1_gamma0.25_e10_ies_simnpo_irreversible_d2absmean3_tau0.15/eval/TOFU_SUMMARY.json
