split,num_forget_samples,model,method,controller_family,monitoring_signal,run_name,is_baseline,is_old_copy,learning_rate,per_device_train_batch_size,gradient_accumulation_steps,effective_batch_size_single_gpu,epochs_configured,beta,alpha,gamma,retain_loss_type,sampling_policy,retain_policy_after_stop,forget_loss_denominator,rebound_semantics,moving_average_window,criterion_threshold,stop_ratio_threshold,absolute_nll_gain_threshold,second_difference_tau,second_difference_window,warm_up_epochs,stop_patience,rebound_ratio_threshold,rebound_delta,reactivation_patience,stability_checks,forced_control,forget_quality,model_utility,forget_truth_ratio,exact_memorization,extraction_strength,forget_Q_A_Prob,forget_Q_A_ROUGE,privleak,final_active_samples,final_stopped_samples,stop_events,reactivation_events,saved_forget_instances,saved_forget_instances_pct_of_10epoch_budget,trajectory_final_epoch,trainer_completed_epoch,global_step,train_runtime_seconds,train_runtime_minutes,summary_json,trajectory_file,trainer_state_json,run_directory
forget01,40,Llama-2-7b-chat-hf,NPO,baseline,none,lr1e-5_b4_ga2_e10,True,False,1e-5,4,2,8,10,0.1,1,1,NLL,forget_anchor_random_retain,full_retain,baseline_mean,none,,,,,,,,,,,,,,0.006760732304,0.6134392509,0.5671999638,0.8124502599,0.1095535454,0.1456054687,0.393833144,-36.39798488,,,,,,,,10,50,323.0322,5.38387,/unlearning/experment_data/checkpoints/tofu/forget01/Llama-2-7b-chat-hf/NPO/lr1e-5_b4_ga2_e10/eval/TOFU_SUMMARY.json,,/unlearning/experment_data/checkpoints/tofu/forget01/Llama-2-7b-chat-hf/NPO/lr1e-5_b4_ga2_e10/trainer_state.json,/unlearning/experment_data/checkpoints/tofu/forget01/Llama-2-7b-chat-hf/NPO/lr1e-5_b4_ga2_e10
forget01,40,Llama-2-7b-chat-hf,NPO,baseline,none,lr2e-5_b4_ga2_e10,True,False,2e-5,4,2,8,10,0.1,1,1,NLL,forget_anchor_random_retain,full_retain,baseline_mean,none,,,,,,,,,,,,,,0.5786001417,0.6171076594,0.6731055942,0.7472526342,0.078479688,0.0732421875,0.3163000007,59.44584382,,,,,,,,10,50,324.1782,5.40297,/unlearning/experment_data/checkpoints/tofu/forget01/Llama-2-7b-chat-hf/NPO/lr2e-5_b4_ga2_e10/eval/TOFU_SUMMARY.json,,/unlearning/experment_data/checkpoints/tofu/forget01/Llama-2-7b-chat-hf/NPO/lr2e-5_b4_ga2_e10/trainer_state.json,/unlearning/experment_data/checkpoints/tofu/forget01/Llama-2-7b-chat-hf/NPO/lr2e-5_b4_ga2_e10
forget01,40,Llama-2-7b-chat-hf,NPO,baseline,none,lr2e-5_b4_ga2_e10_old,True,True,2e-5,4,2,8,10,0.1,1,1,NLL,forget_anchor_random_retain,full_retain,baseline_mean,none,,,,,,,,,,,,,,0.5786001417,0.6171076594,0.6731055942,0.7472526342,0.078479688,0.0732421875,0.3163000007,59.44584382,,,,,,,,10,50,321.2045,5.353408333,/unlearning/experment_data/checkpoints/tofu/forget01/Llama-2-7b-chat-hf/NPO/lr2e-5_b4_ga2_e10_old/eval/TOFU_SUMMARY.json,,/unlearning/experment_data/checkpoints/tofu/forget01/Llama-2-7b-chat-hf/NPO/lr2e-5_b4_ga2_e10_old/trainer_state.json,/unlearning/experment_data/checkpoints/tofu/forget01/Llama-2-7b-chat-hf/NPO/lr2e-5_b4_ga2_e10_old
forget01,40,Llama-2-7b-chat-hf,NPO,baseline,none,lr5e-5_b4_ga2_e10,True,False,5e-5,4,2,8,10,0.1,1,1,NLL,forget_anchor_random_retain,full_retain,baseline_mean,none,,,,,,,,,,,,,,0.1649726995,0.5582630474,0.6821872213,0.5678991362,0.05270647377,0.02317888737,0.2159934144,99.8740554,,,,,,,,10,50,324.2973,5.404955,/unlearning/experment_data/checkpoints/tofu/forget01/Llama-2-7b-chat-hf/NPO/lr5e-5_b4_ga2_e10/eval/TOFU_SUMMARY.json,,/unlearning/experment_data/checkpoints/tofu/forget01/Llama-2-7b-chat-hf/NPO/lr5e-5_b4_ga2_e10/trainer_state.json,/unlearning/experment_data/checkpoints/tofu/forget01/Llama-2-7b-chat-hf/NPO/lr5e-5_b4_ga2_e10
forget01,40,Llama-2-7b-chat-hf,SampleEarlyStopNPOLossIrreversible,absolute_normalized_nll_gain,normalized_nll_minus_initial,lr2e-5_b4_ga2_e10_ies_normnll_gain_ge1.8_warm2_patience1,False,False,2e-5,4,2,8,10,0.1,1,1,NLL,forget_anchor_random_retain,full_retain,fixed_original_batch,none_irreversible,,1.8,,1.8,,,2,1,,,,,,0.5786001417,0.627719645,0.6508605884,0.584174712,0.04714164136,0.0316875726,0.1808275225,87.53148613,1,39,39,0,272,68,10,,,,,/unlearning/experment_data/checkpoints/tofu/forget01/Llama-2-7b-chat-hf/SampleEarlyStopNPOLossIrreversible/lr2e-5_b4_ga2_e10_ies_normnll_gain_ge1.8_warm2_patience1/eval/TOFU_SUMMARY.json,/unlearning/experment_data/checkpoints/tofu/forget01/Llama-2-7b-chat-hf/SampleEarlyStopNPOLossIrreversible/lr2e-5_b4_ga2_e10_ies_normnll_gain_ge1.8_warm2_patience1/ies_nll_gain_history.jsonl,,/unlearning/experment_data/checkpoints/tofu/forget01/Llama-2-7b-chat-hf/SampleEarlyStopNPOLossIrreversible/lr2e-5_b4_ga2_e10_ies_normnll_gain_ge1.8_warm2_patience1
forget01,40,Llama-2-7b-chat-hf,SampleEarlyStopNPOLossIrreversible,absolute_normalized_nll_gain,normalized_nll_minus_initial,lr2e-5_b4_ga2_e10_ies_normnll_gain_ge1.8_warm2_patience1_forced_sample0_epoch3,False,False,2e-5,4,2,8,10,0.1,1,1,NLL,forget_anchor_random_retain,full_retain,fixed_original_batch,none_irreversible,,1.8,,1.8,,,2,1,,,,,sample0_stop_epoch3,0.5786001417,0.6273709875,0.634725812,0.5649475649,0.05611696578,0.0326736711,0.1680052852,86.27204028,0,40,40,0,279,69.75,10,10,50,304.4658,5.07443,/unlearning/experment_data/checkpoints/tofu/forget01/Llama-2-7b-chat-hf/SampleEarlyStopNPOLossIrreversible/lr2e-5_b4_ga2_e10_ies_normnll_gain_ge1.8_warm2_patience1_forced_sample0_epoch3/eval/TOFU_SUMMARY.json,/unlearning/experment_data/checkpoints/tofu/forget01/Llama-2-7b-chat-hf/SampleEarlyStopNPOLossIrreversible/lr2e-5_b4_ga2_e10_ies_normnll_gain_ge1.8_warm2_patience1_forced_sample0_epoch3/ies_nll_gain_history.jsonl,/unlearning/experment_data/checkpoints/tofu/forget01/Llama-2-7b-chat-hf/SampleEarlyStopNPOLossIrreversible/lr2e-5_b4_ga2_e10_ies_normnll_gain_ge1.8_warm2_patience1_forced_sample0_epoch3/trainer_state.json,/unlearning/experment_data/checkpoints/tofu/forget01/Llama-2-7b-chat-hf/SampleEarlyStopNPOLossIrreversible/lr2e-5_b4_ga2_e10_ies_normnll_gain_ge1.8_warm2_patience1_forced_sample0_epoch3
forget01,40,Llama-2-7b-chat-hf,SampleEarlyStopNPOLossIrreversible,absolute_normalized_nll_gain,normalized_nll_minus_initial,lr2e-5_b4_ga2_e10_ies_normnll_gain_ge2.0_warm2_patience1,False,False,2e-5,4,2,8,10,0.1,1,1,NLL,forget_anchor_random_retain,full_retain,fixed_original_batch,none_irreversible,,2.0,,2,,,2,1,,,,,,0.5786001417,0.627719645,0.6508605884,0.584174712,0.04714164136,0.0316875726,0.1808275225,87.53148613,1,39,39,0,272,68,10,10,50,299.2749,4.987915,/unlearning/experment_data/checkpoints/tofu/forget01/Llama-2-7b-chat-hf/SampleEarlyStopNPOLossIrreversible/lr2e-5_b4_ga2_e10_ies_normnll_gain_ge2.0_warm2_patience1/eval/TOFU_SUMMARY.json,/unlearning/experment_data/checkpoints/tofu/forget01/Llama-2-7b-chat-hf/SampleEarlyStopNPOLossIrreversible/lr2e-5_b4_ga2_e10_ies_normnll_gain_ge2.0_warm2_patience1/ies_nll_gain_history.jsonl,/unlearning/experment_data/checkpoints/tofu/forget01/Llama-2-7b-chat-hf/SampleEarlyStopNPOLossIrreversible/lr2e-5_b4_ga2_e10_ies_normnll_gain_ge2.0_warm2_patience1/trainer_state.json,/unlearning/experment_data/checkpoints/tofu/forget01/Llama-2-7b-chat-hf/SampleEarlyStopNPOLossIrreversible/lr2e-5_b4_ga2_e10_ies_normnll_gain_ge2.0_warm2_patience1
forget01,40,Llama-2-7b-chat-hf,SampleEarlyStopNPOLossIrreversible,absolute_normalized_nll_gain,normalized_nll_minus_initial,lr2e-5_b4_ga2_e10_ies_normnll_gain_ge2.0_warm2_patience1_forced_sample0_epoch3,False,False,2e-5,4,2,8,10,0.1,1,1,NLL,forget_anchor_random_retain,full_retain,fixed_original_batch,none_irreversible,,2.0,,2,,,2,1,,,,,sample0_stop_epoch3,0.5786001417,0.6273709875,0.634725812,0.5649475649,0.05611696578,0.0326736711,0.1680052852,86.27204028,0,40,40,0,279,69.75,10,10,50,303.6471,5.060785,/unlearning/experment_data/checkpoints/tofu/forget01/Llama-2-7b-chat-hf/SampleEarlyStopNPOLossIrreversible/lr2e-5_b4_ga2_e10_ies_normnll_gain_ge2.0_warm2_patience1_forced_sample0_epoch3/eval/TOFU_SUMMARY.json,/unlearning/experment_data/checkpoints/tofu/forget01/Llama-2-7b-chat-hf/SampleEarlyStopNPOLossIrreversible/lr2e-5_b4_ga2_e10_ies_normnll_gain_ge2.0_warm2_patience1_forced_sample0_epoch3/ies_nll_gain_history.jsonl,/unlearning/experment_data/checkpoints/tofu/forget01/Llama-2-7b-chat-hf/SampleEarlyStopNPOLossIrreversible/lr2e-5_b4_ga2_e10_ies_normnll_gain_ge2.0_warm2_patience1_forced_sample0_epoch3/trainer_state.json,/unlearning/experment_data/checkpoints/tofu/forget01/Llama-2-7b-chat-hf/SampleEarlyStopNPOLossIrreversible/lr2e-5_b4_ga2_e10_ies_normnll_gain_ge2.0_warm2_patience1_forced_sample0_epoch3
forget01,40,Llama-2-7b-chat-hf,SampleEarlyStopNPOLossIrreversible,normalized_nll_second_difference,normalized_nll_second_difference,lr2e-5_b4_ga2_e10_ies_normnll_irreversible_d2absmean3_tau0.1,False,False,2e-5,4,2,8,10,0.1,1,1,NLL,forget_anchor_random_retain,full_retain,fixed_original_batch,none_irreversible,,0.1,,,0.1,3,,,,,,,,0.2656871403,0.6165356857,0.6756774728,0.7434891775,0.07795885466,0.07215423584,0.3395972691,60.20151132,1,39,39,0,70,17.5,10,10,42,264.7827,4.413045,/unlearning/experment_data/checkpoints/tofu/forget01/Llama-2-7b-chat-hf/SampleEarlyStopNPOLossIrreversible/lr2e-5_b4_ga2_e10_ies_normnll_irreversible_d2absmean3_tau0.1/eval/TOFU_SUMMARY.json,/unlearning/experment_data/checkpoints/tofu/forget01/Llama-2-7b-chat-hf/SampleEarlyStopNPOLossIrreversible/lr2e-5_b4_ga2_e10_ies_normnll_irreversible_d2absmean3_tau0.1/ies_normalized_nll_irreversible_history.jsonl,/unlearning/experment_data/checkpoints/tofu/forget01/Llama-2-7b-chat-hf/SampleEarlyStopNPOLossIrreversible/lr2e-5_b4_ga2_e10_ies_normnll_irreversible_d2absmean3_tau0.1/trainer_state.json,/unlearning/experment_data/checkpoints/tofu/forget01/Llama-2-7b-chat-hf/SampleEarlyStopNPOLossIrreversible/lr2e-5_b4_ga2_e10_ies_normnll_irreversible_d2absmean3_tau0.1
forget01,40,Llama-2-7b-chat-hf,SampleEarlyStopNPOLossIrreversible,normalized_nll_second_difference,normalized_nll_second_difference,lr2e-5_b4_ga2_e10_ies_normnll_irreversible_d2absmean3_tau0.12,False,False,2e-5,4,2,8,10,0.1,1,1,NLL,forget_anchor_random_retain,full_retain,fixed_original_batch,none_irreversible,,0.12,,,0.12,3,,,,,,,,0.2656871403,0.6163905282,0.674321319,0.7440357983,0.07795885466,0.07219390869,0.3213954424,60.07556674,1,39,39,0,79,19.75,10,10,41,258.1097,4.301828333,/unlearning/experment_data/checkpoints/tofu/forget01/Llama-2-7b-chat-hf/SampleEarlyStopNPOLossIrreversible/lr2e-5_b4_ga2_e10_ies_normnll_irreversible_d2absmean3_tau0.12/eval/TOFU_SUMMARY.json,/unlearning/experment_data/checkpoints/tofu/forget01/Llama-2-7b-chat-hf/SampleEarlyStopNPOLossIrreversible/lr2e-5_b4_ga2_e10_ies_normnll_irreversible_d2absmean3_tau0.12/ies_normalized_nll_irreversible_history.jsonl,/unlearning/experment_data/checkpoints/tofu/forget01/Llama-2-7b-chat-hf/SampleEarlyStopNPOLossIrreversible/lr2e-5_b4_ga2_e10_ies_normnll_irreversible_d2absmean3_tau0.12/trainer_state.json,/unlearning/experment_data/checkpoints/tofu/forget01/Llama-2-7b-chat-hf/SampleEarlyStopNPOLossIrreversible/lr2e-5_b4_ga2_e10_ies_normnll_irreversible_d2absmean3_tau0.12
forget01,40,Llama-2-7b-chat-hf,SampleEarlyStopNPOLossIrreversible,normalized_nll_second_difference,normalized_nll_second_difference,lr2e-5_b4_ga2_e10_ies_normnll_irreversible_d2absmean3_tau0.15,False,False,2e-5,4,2,8,10,0.1,1,1,NLL,forget_anchor_random_retain,full_retain,fixed_original_batch,none_irreversible,,0.15,,,0.15,3,,,,,,,,0.2656871403,0.6154087235,0.6756650215,0.7445770353,0.07795885466,0.071875,0.3256526502,59.82367757,0,40,40,0,88,22,10,10,40,257.7222,4.29537,/unlearning/experment_data/checkpoints/tofu/forget01/Llama-2-7b-chat-hf/SampleEarlyStopNPOLossIrreversible/lr2e-5_b4_ga2_e10_ies_normnll_irreversible_d2absmean3_tau0.15/eval/TOFU_SUMMARY.json,/unlearning/experment_data/checkpoints/tofu/forget01/Llama-2-7b-chat-hf/SampleEarlyStopNPOLossIrreversible/lr2e-5_b4_ga2_e10_ies_normnll_irreversible_d2absmean3_tau0.15/ies_normalized_nll_irreversible_history.jsonl,/unlearning/experment_data/checkpoints/tofu/forget01/Llama-2-7b-chat-hf/SampleEarlyStopNPOLossIrreversible/lr2e-5_b4_ga2_e10_ies_normnll_irreversible_d2absmean3_tau0.15/trainer_state.json,/unlearning/experment_data/checkpoints/tofu/forget01/Llama-2-7b-chat-hf/SampleEarlyStopNPOLossIrreversible/lr2e-5_b4_ga2_e10_ies_normnll_irreversible_d2absmean3_tau0.15
forget01,40,Llama-2-7b-chat-hf,SampleEarlyStopNPOLossIrreversible,normalized_nll_second_difference,normalized_nll_second_difference,lr2e-5_b4_ga2_e10_ies_normnll_irreversible_d2absmean3_tau0.18,False,False,2e-5,4,2,8,10,0.1,1,1,NLL,forget_anchor_random_retain,full_retain,fixed_original_batch,none_irreversible,,0.18,,,0.18,3,,,,,,,,0.2656871403,0.615629525,0.6744094971,0.7443196893,0.07648826643,0.07193603516,0.3261287484,59.82367757,0,40,40,0,94,23.5,10,10,40,252.8389,4.213981667,/unlearning/experment_data/checkpoints/tofu/forget01/Llama-2-7b-chat-hf/SampleEarlyStopNPOLossIrreversible/lr2e-5_b4_ga2_e10_ies_normnll_irreversible_d2absmean3_tau0.18/eval/TOFU_SUMMARY.json,/unlearning/experment_data/checkpoints/tofu/forget01/Llama-2-7b-chat-hf/SampleEarlyStopNPOLossIrreversible/lr2e-5_b4_ga2_e10_ies_normnll_irreversible_d2absmean3_tau0.18/ies_normalized_nll_irreversible_history.jsonl,/unlearning/experment_data/checkpoints/tofu/forget01/Llama-2-7b-chat-hf/SampleEarlyStopNPOLossIrreversible/lr2e-5_b4_ga2_e10_ies_normnll_irreversible_d2absmean3_tau0.18/trainer_state.json,/unlearning/experment_data/checkpoints/tofu/forget01/Llama-2-7b-chat-hf/SampleEarlyStopNPOLossIrreversible/lr2e-5_b4_ga2_e10_ies_normnll_irreversible_d2absmean3_tau0.18
forget01,40,Llama-2-7b-chat-hf,SampleEarlyStopNPOLossIrreversible,npo_loss_second_difference,per_sample_npo_loss_second_difference,lr2e-5_b4_ga2_e10_ies_npoloss_irreversible_tau1e-4_stable2,False,False,2e-5,4,2,8,10,0.1,1,1,NLL,forget_anchor_random_retain,full_retain,fixed_original_batch,none_irreversible,,1e-4,,,1e-4,,,,,,,2,,0.2656871403,0.6138426359,0.6775855678,0.7404901564,0.06980668075,0.0686050415,0.3120967418,61.08312341,10,30,30,0,108,27,10,10,39,245.9097,4.098495,/unlearning/experment_data/checkpoints/tofu/forget01/Llama-2-7b-chat-hf/SampleEarlyStopNPOLossIrreversible/lr2e-5_b4_ga2_e10_ies_npoloss_irreversible_tau1e-4_stable2/eval/TOFU_SUMMARY.json,/unlearning/experment_data/checkpoints/tofu/forget01/Llama-2-7b-chat-hf/SampleEarlyStopNPOLossIrreversible/lr2e-5_b4_ga2_e10_ies_npoloss_irreversible_tau1e-4_stable2/ies_npo_loss_irreversible_history.jsonl,/unlearning/experment_data/checkpoints/tofu/forget01/Llama-2-7b-chat-hf/SampleEarlyStopNPOLossIrreversible/lr2e-5_b4_ga2_e10_ies_npoloss_irreversible_tau1e-4_stable2/trainer_state.json,/unlearning/experment_data/checkpoints/tofu/forget01/Llama-2-7b-chat-hf/SampleEarlyStopNPOLossIrreversible/lr2e-5_b4_ga2_e10_ies_npoloss_irreversible_tau1e-4_stable2
forget01,40,Llama-2-7b-chat-hf,SampleEarlyStopNPOLossIrreversible,npo_loss_second_difference,per_sample_npo_loss_second_difference,lr2e-5_b4_ga2_e10_ies_npoloss_irreversible_tau1e-5_stable2,False,False,2e-5,4,2,8,10,0.1,1,1,NLL,forget_anchor_random_retain,full_retain,fixed_original_batch,none_irreversible,,1e-5,,,1e-5,,,,,,,2,,0.2656871403,0.6161112469,0.6746373667,0.742521809,0.06980668075,0.07075653076,0.3287197662,61.46095717,17,23,23,0,72,18,10,10,43,274.6024,4.576706667,/unlearning/experment_data/checkpoints/tofu/forget01/Llama-2-7b-chat-hf/SampleEarlyStopNPOLossIrreversible/lr2e-5_b4_ga2_e10_ies_npoloss_irreversible_tau1e-5_stable2/eval/TOFU_SUMMARY.json,/unlearning/experment_data/checkpoints/tofu/forget01/Llama-2-7b-chat-hf/SampleEarlyStopNPOLossIrreversible/lr2e-5_b4_ga2_e10_ies_npoloss_irreversible_tau1e-5_stable2/ies_npo_loss_irreversible_history.jsonl,/unlearning/experment_data/checkpoints/tofu/forget01/Llama-2-7b-chat-hf/SampleEarlyStopNPOLossIrreversible/lr2e-5_b4_ga2_e10_ies_npoloss_irreversible_tau1e-5_stable2/trainer_state.json,/unlearning/experment_data/checkpoints/tofu/forget01/Llama-2-7b-chat-hf/SampleEarlyStopNPOLossIrreversible/lr2e-5_b4_ga2_e10_ies_npoloss_irreversible_tau1e-5_stable2
forget01,40,Llama-2-7b-chat-hf,SampleEarlyStopNPOLossIrreversible,npo_loss_second_difference,per_sample_npo_loss_second_difference,lr2e-5_b4_ga2_e10_ies_npoloss_irreversible_tau3e-5_stable2,False,False,2e-5,4,2,8,10,0.1,1,1,NLL,forget_anchor_random_retain,full_retain,fixed_original_batch,none_irreversible,,3e-5,,,3e-5,,,,,,,2,,0.2656871403,0.6156270757,0.6773655758,0.7413567111,0.06980668075,0.068409729,0.3153362305,60.83123424,11,29,29,0,92,23,10,10,40,257.0158,4.283596667,/unlearning/experment_data/checkpoints/tofu/forget01/Llama-2-7b-chat-hf/SampleEarlyStopNPOLossIrreversible/lr2e-5_b4_ga2_e10_ies_npoloss_irreversible_tau3e-5_stable2/eval/TOFU_SUMMARY.json,/unlearning/experment_data/checkpoints/tofu/forget01/Llama-2-7b-chat-hf/SampleEarlyStopNPOLossIrreversible/lr2e-5_b4_ga2_e10_ies_npoloss_irreversible_tau3e-5_stable2/ies_npo_loss_irreversible_history.jsonl,/unlearning/experment_data/checkpoints/tofu/forget01/Llama-2-7b-chat-hf/SampleEarlyStopNPOLossIrreversible/lr2e-5_b4_ga2_e10_ies_npoloss_irreversible_tau3e-5_stable2/trainer_state.json,/unlearning/experment_data/checkpoints/tofu/forget01/Llama-2-7b-chat-hf/SampleEarlyStopNPOLossIrreversible/lr2e-5_b4_ga2_e10_ies_npoloss_irreversible_tau3e-5_stable2
forget01,40,Llama-2-7b-chat-hf,SampleEarlyStopNPOLossIrreversible,npo_loss_second_difference,per_sample_npo_loss_second_difference,lr2e-5_b4_ga2_e10_ies_npoloss_irreversible_tau5e-5_stable2,False,False,2e-5,4,2,8,10,0.1,1,1,NLL,forget_anchor_random_retain,full_retain,fixed_original_batch,none_irreversible,,5e-5,,,5e-5,,,,,,,2,,0.4045874057,0.6160229067,0.6763462875,0.7430660397,0.06980668075,0.06816253662,0.3197521181,61.08312341,10,30,30,0,99,24.75,10,10,39,245.2725,4.087875,/unlearning/experment_data/checkpoints/tofu/forget01/Llama-2-7b-chat-hf/SampleEarlyStopNPOLossIrreversible/lr2e-5_b4_ga2_e10_ies_npoloss_irreversible_tau5e-5_stable2/eval/TOFU_SUMMARY.json,/unlearning/experment_data/checkpoints/tofu/forget01/Llama-2-7b-chat-hf/SampleEarlyStopNPOLossIrreversible/lr2e-5_b4_ga2_e10_ies_npoloss_irreversible_tau5e-5_stable2/ies_npo_loss_irreversible_history.jsonl,/unlearning/experment_data/checkpoints/tofu/forget01/Llama-2-7b-chat-hf/SampleEarlyStopNPOLossIrreversible/lr2e-5_b4_ga2_e10_ies_npoloss_irreversible_tau5e-5_stable2/trainer_state.json,/unlearning/experment_data/checkpoints/tofu/forget01/Llama-2-7b-chat-hf/SampleEarlyStopNPOLossIrreversible/lr2e-5_b4_ga2_e10_ies_npoloss_irreversible_tau5e-5_stable2
forget01,40,Llama-2-7b-chat-hf,SampleEarlyStopNPOLossIrreversible,npo_loss_second_difference,per_sample_npo_loss_second_difference,lr2e-5_b4_ga2_e10_ies_npoloss_irreversible_tau7e-5_stable2,False,False,2e-5,4,2,8,10,0.1,1,1,NLL,forget_anchor_random_retain,full_retain,fixed_original_batch,none_irreversible,,7e-5,,,7e-5,,,,,,,2,,0.2656871403,0.6152993827,0.6766935289,0.7418085903,0.06980668075,0.06828460693,0.3104731413,61.58690175,11,29,29,0,104,26,10,10,39,245.6145,4.093575,/unlearning/experment_data/checkpoints/tofu/forget01/Llama-2-7b-chat-hf/SampleEarlyStopNPOLossIrreversible/lr2e-5_b4_ga2_e10_ies_npoloss_irreversible_tau7e-5_stable2/eval/TOFU_SUMMARY.json,/unlearning/experment_data/checkpoints/tofu/forget01/Llama-2-7b-chat-hf/SampleEarlyStopNPOLossIrreversible/lr2e-5_b4_ga2_e10_ies_npoloss_irreversible_tau7e-5_stable2/ies_npo_loss_irreversible_history.jsonl,/unlearning/experment_data/checkpoints/tofu/forget01/Llama-2-7b-chat-hf/SampleEarlyStopNPOLossIrreversible/lr2e-5_b4_ga2_e10_ies_npoloss_irreversible_tau7e-5_stable2/trainer_state.json,/unlearning/experment_data/checkpoints/tofu/forget01/Llama-2-7b-chat-hf/SampleEarlyStopNPOLossIrreversible/lr2e-5_b4_ga2_e10_ies_npoloss_irreversible_tau7e-5_stable2
forget01,40,Llama-2-7b-chat-hf,SampleEarlyStopNPOMarginalRatio,marginal_nll_gain_ratio,normalized_nll_epoch_gain_ma,lr1e-5_b4_ga2_e10_marginalratio_ma3_stop0.05_rebound0.2_samplingbaseline_masked,False,False,1e-5,4,2,8,10,0.1,1,1,NLL,forget_anchor_random_retain,full_retain,fixed_original_batch,cumulative_progress_loss_ratio,3,0.05,0.05,,,,,,0.2,,,,,0.02860307028,0.6121200487,0.5711144,0.8140984148,0.131724148,0.144229126,0.3970348076,-33.62720402,2,38,38,0,47,11.75,10,10,50,352.6234,5.877056667,/unlearning/experment_data/checkpoints/tofu/forget01/Llama-2-7b-chat-hf/SampleEarlyStopNPOMarginalRatio/lr1e-5_b4_ga2_e10_marginalratio_ma3_stop0.05_rebound0.2_samplingbaseline_masked/eval/TOFU_SUMMARY.json,/unlearning/experment_data/checkpoints/tofu/forget01/Llama-2-7b-chat-hf/SampleEarlyStopNPOMarginalRatio/lr1e-5_b4_ga2_e10_marginalratio_ma3_stop0.05_rebound0.2_samplingbaseline_masked/ies_nll_gain_history.jsonl,/unlearning/experment_data/checkpoints/tofu/forget01/Llama-2-7b-chat-hf/SampleEarlyStopNPOMarginalRatio/lr1e-5_b4_ga2_e10_marginalratio_ma3_stop0.05_rebound0.2_samplingbaseline_masked/trainer_state.json,/unlearning/experment_data/checkpoints/tofu/forget01/Llama-2-7b-chat-hf/SampleEarlyStopNPOMarginalRatio/lr1e-5_b4_ga2_e10_marginalratio_ma3_stop0.05_rebound0.2_samplingbaseline_masked
forget01,40,Llama-2-7b-chat-hf,SampleEarlyStopNPOMarginalRatio,marginal_nll_gain_ratio,normalized_nll_epoch_gain_ma,lr1e-5_b4_ga2_e10_marginalratio_ma3_stop0.1_rebound0.2_samplingbaseline_masked,False,False,1e-5,4,2,8,10,0.1,1,1,NLL,forget_anchor_random_retain,full_retain,fixed_original_batch,cumulative_progress_loss_ratio,3,0.1,0.1,,,,,,0.2,,,,,0.01430154805,0.6120737163,0.5694090422,0.8117197737,0.116644783,0.1442382812,0.3926442454,-34.13098236,1,39,39,0,66,16.5,10,10,50,322.7672,5.379453333,/unlearning/experment_data/checkpoints/tofu/forget01/Llama-2-7b-chat-hf/SampleEarlyStopNPOMarginalRatio/lr1e-5_b4_ga2_e10_marginalratio_ma3_stop0.1_rebound0.2_samplingbaseline_masked/eval/TOFU_SUMMARY.json,/unlearning/experment_data/checkpoints/tofu/forget01/Llama-2-7b-chat-hf/SampleEarlyStopNPOMarginalRatio/lr1e-5_b4_ga2_e10_marginalratio_ma3_stop0.1_rebound0.2_samplingbaseline_masked/ies_nll_gain_history.jsonl,/unlearning/experment_data/checkpoints/tofu/forget01/Llama-2-7b-chat-hf/SampleEarlyStopNPOMarginalRatio/lr1e-5_b4_ga2_e10_marginalratio_ma3_stop0.1_rebound0.2_samplingbaseline_masked/trainer_state.json,/unlearning/experment_data/checkpoints/tofu/forget01/Llama-2-7b-chat-hf/SampleEarlyStopNPOMarginalRatio/lr1e-5_b4_ga2_e10_marginalratio_ma3_stop0.1_rebound0.2_samplingbaseline_masked
forget01,40,Llama-2-7b-chat-hf,SampleEarlyStopNPOMarginalRatio,marginal_nll_gain_ratio,normalized_nll_epoch_gain_ma,lr1e-5_b4_ga2_e10_marginalratio_ma3_stop0.2_rebound0.2_samplingbaseline_masked,False,False,1e-5,4,2,8,10,0.1,1,1,NLL,forget_anchor_random_retain,full_retain,fixed_original_batch,cumulative_progress_loss_ratio,3,0.2,0.2,,,,,,0.2,,,,,0.01430154805,0.6118141023,0.5699181049,0.8147534385,0.1178352591,0.1446624756,0.3838235929,-33.75314861,0,40,40,0,86,21.5,10,10,50,317.8797,5.297995,/unlearning/experment_data/checkpoints/tofu/forget01/Llama-2-7b-chat-hf/SampleEarlyStopNPOMarginalRatio/lr1e-5_b4_ga2_e10_marginalratio_ma3_stop0.2_rebound0.2_samplingbaseline_masked/eval/TOFU_SUMMARY.json,/unlearning/experment_data/checkpoints/tofu/forget01/Llama-2-7b-chat-hf/SampleEarlyStopNPOMarginalRatio/lr1e-5_b4_ga2_e10_marginalratio_ma3_stop0.2_rebound0.2_samplingbaseline_masked/ies_nll_gain_history.jsonl,/unlearning/experment_data/checkpoints/tofu/forget01/Llama-2-7b-chat-hf/SampleEarlyStopNPOMarginalRatio/lr1e-5_b4_ga2_e10_marginalratio_ma3_stop0.2_rebound0.2_samplingbaseline_masked/trainer_state.json,/unlearning/experment_data/checkpoints/tofu/forget01/Llama-2-7b-chat-hf/SampleEarlyStopNPOMarginalRatio/lr1e-5_b4_ga2_e10_marginalratio_ma3_stop0.2_rebound0.2_samplingbaseline_masked
forget01,40,Llama-2-7b-chat-hf,SampleEarlyStopNPOMarginalRatio,marginal_nll_gain_ratio,normalized_nll_epoch_gain_ma,lr2e-5_b4_ga2_e10_marginalratio_ma3_stop0.05_rebound0.2_samplingbaseline_masked,False,False,2e-5,4,2,8,10,0.1,1,1,NLL,forget_anchor_random_retain,full_retain,fixed_original_batch,cumulative_progress_loss_ratio,3,0.05,0.05,,,,,,0.2,,,,,0.2656871403,0.6181698144,0.6759550388,0.7471407697,0.078479688,0.07747573853,0.3141950113,57.68261964,1,39,39,0,147,36.75,10,10,50,314.2951,5.238251667,/unlearning/experment_data/checkpoints/tofu/forget01/Llama-2-7b-chat-hf/SampleEarlyStopNPOMarginalRatio/lr2e-5_b4_ga2_e10_marginalratio_ma3_stop0.05_rebound0.2_samplingbaseline_masked/eval/TOFU_SUMMARY.json,/unlearning/experment_data/checkpoints/tofu/forget01/Llama-2-7b-chat-hf/SampleEarlyStopNPOMarginalRatio/lr2e-5_b4_ga2_e10_marginalratio_ma3_stop0.05_rebound0.2_samplingbaseline_masked/ies_nll_gain_history.jsonl,/unlearning/experment_data/checkpoints/tofu/forget01/Llama-2-7b-chat-hf/SampleEarlyStopNPOMarginalRatio/lr2e-5_b4_ga2_e10_marginalratio_ma3_stop0.05_rebound0.2_samplingbaseline_masked/trainer_state.json,/unlearning/experment_data/checkpoints/tofu/forget01/Llama-2-7b-chat-hf/SampleEarlyStopNPOMarginalRatio/lr2e-5_b4_ga2_e10_marginalratio_ma3_stop0.05_rebound0.2_samplingbaseline_masked
forget01,40,Llama-2-7b-chat-hf,SampleEarlyStopNPOMarginalRatio,marginal_nll_gain_ratio,normalized_nll_epoch_gain_ma,lr2e-5_b4_ga2_e10_marginalratio_ma3_stop0.1_rebound0.2_samplingbaseline_masked,False,False,2e-5,4,2,8,10,0.1,1,1,NLL,forget_anchor_random_retain,full_retain,fixed_original_batch,cumulative_progress_loss_ratio,3,0.1,0.1,,,,,,0.2,,,,,0.2656871403,0.6183951931,0.673047432,0.7479226723,0.078479688,0.07888412476,0.3210102445,57.68261964,2,38,39,1,155,38.75,10,10,50,312.0931,5.201551667,/unlearning/experment_data/checkpoints/tofu/forget01/Llama-2-7b-chat-hf/SampleEarlyStopNPOMarginalRatio/lr2e-5_b4_ga2_e10_marginalratio_ma3_stop0.1_rebound0.2_samplingbaseline_masked/eval/TOFU_SUMMARY.json,/unlearning/experment_data/checkpoints/tofu/forget01/Llama-2-7b-chat-hf/SampleEarlyStopNPOMarginalRatio/lr2e-5_b4_ga2_e10_marginalratio_ma3_stop0.1_rebound0.2_samplingbaseline_masked/ies_nll_gain_history.jsonl,/unlearning/experment_data/checkpoints/tofu/forget01/Llama-2-7b-chat-hf/SampleEarlyStopNPOMarginalRatio/lr2e-5_b4_ga2_e10_marginalratio_ma3_stop0.1_rebound0.2_samplingbaseline_masked/trainer_state.json,/unlearning/experment_data/checkpoints/tofu/forget01/Llama-2-7b-chat-hf/SampleEarlyStopNPOMarginalRatio/lr2e-5_b4_ga2_e10_marginalratio_ma3_stop0.1_rebound0.2_samplingbaseline_masked
forget01,40,Llama-2-7b-chat-hf,SampleEarlyStopNPOMarginalRatio,marginal_nll_gain_ratio,normalized_nll_epoch_gain_ma,lr2e-5_b4_ga2_e10_marginalratio_ma3_stop0.2_rebound0.2_samplingbaseline_masked,False,False,2e-5,4,2,8,10,0.1,1,1,NLL,forget_anchor_random_retain,full_retain,fixed_original_batch,cumulative_progress_loss_ratio,3,0.2,0.2,,,,,,0.2,,,,,0.2656871403,0.6185783564,0.6726631833,0.7476143628,0.07986857689,0.07925338745,0.3258026094,57.1788413,1,39,40,1,174,43.5,10,10,50,312.3097,5.205161667,/unlearning/experment_data/checkpoints/tofu/forget01/Llama-2-7b-chat-hf/SampleEarlyStopNPOMarginalRatio/lr2e-5_b4_ga2_e10_marginalratio_ma3_stop0.2_rebound0.2_samplingbaseline_masked/eval/TOFU_SUMMARY.json,/unlearning/experment_data/checkpoints/tofu/forget01/Llama-2-7b-chat-hf/SampleEarlyStopNPOMarginalRatio/lr2e-5_b4_ga2_e10_marginalratio_ma3_stop0.2_rebound0.2_samplingbaseline_masked/ies_nll_gain_history.jsonl,/unlearning/experment_data/checkpoints/tofu/forget01/Llama-2-7b-chat-hf/SampleEarlyStopNPOMarginalRatio/lr2e-5_b4_ga2_e10_marginalratio_ma3_stop0.2_rebound0.2_samplingbaseline_masked/trainer_state.json,/unlearning/experment_data/checkpoints/tofu/forget01/Llama-2-7b-chat-hf/SampleEarlyStopNPOMarginalRatio/lr2e-5_b4_ga2_e10_marginalratio_ma3_stop0.2_rebound0.2_samplingbaseline_masked
forget01,40,Llama-2-7b-chat-hf,SampleEarlyStopNPOMarginalRatio,marginal_nll_gain_ratio,normalized_nll_epoch_gain_ma,lr5e-5_b4_ga2_e10_marginalratio_ma3_stop0.05_rebound0.2_samplingbaseline_masked,False,False,5e-5,4,2,8,10,0.1,1,1,NLL,forget_anchor_random_retain,full_retain,fixed_original_batch,cumulative_progress_loss_ratio,3,0.05,0.05,,,,,,0.2,,,,,0.1649726995,0.5410647292,0.6702100578,0.5520137414,0.05175331472,0.02303063869,0.1672231272,99.99999998,0,40,40,0,117,29.25,10,10,50,318.168,5.3028,/unlearning/experment_data/checkpoints/tofu/forget01/Llama-2-7b-chat-hf/SampleEarlyStopNPOMarginalRatio/lr5e-5_b4_ga2_e10_marginalratio_ma3_stop0.05_rebound0.2_samplingbaseline_masked/eval/TOFU_SUMMARY.json,/unlearning/experment_data/checkpoints/tofu/forget01/Llama-2-7b-chat-hf/SampleEarlyStopNPOMarginalRatio/lr5e-5_b4_ga2_e10_marginalratio_ma3_stop0.05_rebound0.2_samplingbaseline_masked/ies_nll_gain_history.jsonl,/unlearning/experment_data/checkpoints/tofu/forget01/Llama-2-7b-chat-hf/SampleEarlyStopNPOMarginalRatio/lr5e-5_b4_ga2_e10_marginalratio_ma3_stop0.05_rebound0.2_samplingbaseline_masked/trainer_state.json,/unlearning/experment_data/checkpoints/tofu/forget01/Llama-2-7b-chat-hf/SampleEarlyStopNPOMarginalRatio/lr5e-5_b4_ga2_e10_marginalratio_ma3_stop0.05_rebound0.2_samplingbaseline_masked
forget01,40,Llama-2-7b-chat-hf,SampleEarlyStopNPOMarginalRatio,marginal_nll_gain_ratio,normalized_nll_epoch_gain_ma,lr5e-5_b4_ga2_e10_marginalratio_ma3_stop0.1_rebound0.2_samplingbaseline_masked,False,False,5e-5,4,2,8,10,0.1,1,1,NLL,forget_anchor_random_retain,full_retain,fixed_original_batch,cumulative_progress_loss_ratio,3,0.1,0.1,,,,,,0.2,,,,,0.1649726995,0.5418345062,0.6692475815,0.5521354273,0.05160652159,0.02301561832,0.1745811044,99.8740554,0,40,40,0,138,34.5,10,10,50,311.8636,5.197726667,/unlearning/experment_data/checkpoints/tofu/forget01/Llama-2-7b-chat-hf/SampleEarlyStopNPOMarginalRatio/lr5e-5_b4_ga2_e10_marginalratio_ma3_stop0.1_rebound0.2_samplingbaseline_masked/eval/TOFU_SUMMARY.json,/unlearning/experment_data/checkpoints/tofu/forget01/Llama-2-7b-chat-hf/SampleEarlyStopNPOMarginalRatio/lr5e-5_b4_ga2_e10_marginalratio_ma3_stop0.1_rebound0.2_samplingbaseline_masked/ies_nll_gain_history.jsonl,/unlearning/experment_data/checkpoints/tofu/forget01/Llama-2-7b-chat-hf/SampleEarlyStopNPOMarginalRatio/lr5e-5_b4_ga2_e10_marginalratio_ma3_stop0.1_rebound0.2_samplingbaseline_masked/trainer_state.json,/unlearning/experment_data/checkpoints/tofu/forget01/Llama-2-7b-chat-hf/SampleEarlyStopNPOMarginalRatio/lr5e-5_b4_ga2_e10_marginalratio_ma3_stop0.1_rebound0.2_samplingbaseline_masked
forget01,40,Llama-2-7b-chat-hf,SampleEarlyStopNPOMarginalRatio,marginal_nll_gain_ratio,normalized_nll_epoch_gain_ma,lr5e-5_b4_ga2_e10_marginalratio_ma3_stop0.2_rebound0.2_samplingbaseline_masked,False,False,5e-5,4,2,8,10,0.1,1,1,NLL,forget_anchor_random_retain,full_retain,fixed_original_batch,cumulative_progress_loss_ratio,3,0.2,0.2,,,,,,0.2,,,,,0.1649726995,0.5406662075,0.6690174433,0.5532163814,0.05160652159,0.02326005697,0.189203708,99.8740554,0,40,40,0,174,43.5,10,10,50,310.1591,5.169318333,/unlearning/experment_data/checkpoints/tofu/forget01/Llama-2-7b-chat-hf/SampleEarlyStopNPOMarginalRatio/lr5e-5_b4_ga2_e10_marginalratio_ma3_stop0.2_rebound0.2_samplingbaseline_masked/eval/TOFU_SUMMARY.json,/unlearning/experment_data/checkpoints/tofu/forget01/Llama-2-7b-chat-hf/SampleEarlyStopNPOMarginalRatio/lr5e-5_b4_ga2_e10_marginalratio_ma3_stop0.2_rebound0.2_samplingbaseline_masked/ies_nll_gain_history.jsonl,/unlearning/experment_data/checkpoints/tofu/forget01/Llama-2-7b-chat-hf/SampleEarlyStopNPOMarginalRatio/lr5e-5_b4_ga2_e10_marginalratio_ma3_stop0.2_rebound0.2_samplingbaseline_masked/trainer_state.json,/unlearning/experment_data/checkpoints/tofu/forget01/Llama-2-7b-chat-hf/SampleEarlyStopNPOMarginalRatio/lr5e-5_b4_ga2_e10_marginalratio_ma3_stop0.2_rebound0.2_samplingbaseline_masked
forget01,40,Llama-2-7b-chat-hf,SampleEarlyStopNPOMarginalRatioDropStopped,marginal_nll_gain_ratio,normalized_nll_epoch_gain_ma,lr1e-5_b4_ga2_e10_marginalratio_ma3_stop0.05_rebound0.2_dropstopped_no_retain_recovery,False,False,1e-5,4,2,8,10,0.1,1,1,NLL,forget_anchor_random_retain,drop_paired_retain,actual_active_mean,cumulative_progress_loss_ratio,3,0.05,0.05,,,,,,0.2,,,,,0.01430154805,0.6107444109,0.570292512,0.8151140302,0.131724148,0.1461486816,0.4063784002,-35.51637279,1,39,39,0,52,13,10,10,50,323.2711,5.387851667,/unlearning/experment_data/checkpoints/tofu/forget01/Llama-2-7b-chat-hf/SampleEarlyStopNPOMarginalRatioDropStopped/lr1e-5_b4_ga2_e10_marginalratio_ma3_stop0.05_rebound0.2_dropstopped_no_retain_recovery/eval/TOFU_SUMMARY.json,/unlearning/experment_data/checkpoints/tofu/forget01/Llama-2-7b-chat-hf/SampleEarlyStopNPOMarginalRatioDropStopped/lr1e-5_b4_ga2_e10_marginalratio_ma3_stop0.05_rebound0.2_dropstopped_no_retain_recovery/ies_nll_gain_history.jsonl,/unlearning/experment_data/checkpoints/tofu/forget01/Llama-2-7b-chat-hf/SampleEarlyStopNPOMarginalRatioDropStopped/lr1e-5_b4_ga2_e10_marginalratio_ma3_stop0.05_rebound0.2_dropstopped_no_retain_recovery/trainer_state.json,/unlearning/experment_data/checkpoints/tofu/forget01/Llama-2-7b-chat-hf/SampleEarlyStopNPOMarginalRatioDropStopped/lr1e-5_b4_ga2_e10_marginalratio_ma3_stop0.05_rebound0.2_dropstopped_no_retain_recovery
forget01,40,Llama-2-7b-chat-hf,SampleEarlyStopNPOMarginalRatioDropStopped,marginal_nll_gain_ratio,normalized_nll_epoch_gain_ma,lr1e-5_b4_ga2_e10_marginalratio_ma3_stop0.1_rebound0.2_dropstopped_no_retain_recovery,False,False,1e-5,4,2,8,10,0.1,1,1,NLL,forget_anchor_random_retain,drop_paired_retain,actual_active_mean,cumulative_progress_loss_ratio,3,0.1,0.1,,,,,,0.2,,,,,0.02860307028,0.6115002301,0.5688562661,0.8142977238,0.131724148,0.146282959,0.4115410808,-36.27204029,1,39,39,0,66,16.5,10,10,50,310.2353,5.170588333,/unlearning/experment_data/checkpoints/tofu/forget01/Llama-2-7b-chat-hf/SampleEarlyStopNPOMarginalRatioDropStopped/lr1e-5_b4_ga2_e10_marginalratio_ma3_stop0.1_rebound0.2_dropstopped_no_retain_recovery/eval/TOFU_SUMMARY.json,/unlearning/experment_data/checkpoints/tofu/forget01/Llama-2-7b-chat-hf/SampleEarlyStopNPOMarginalRatioDropStopped/lr1e-5_b4_ga2_e10_marginalratio_ma3_stop0.1_rebound0.2_dropstopped_no_retain_recovery/ies_nll_gain_history.jsonl,/unlearning/experment_data/checkpoints/tofu/forget01/Llama-2-7b-chat-hf/SampleEarlyStopNPOMarginalRatioDropStopped/lr1e-5_b4_ga2_e10_marginalratio_ma3_stop0.1_rebound0.2_dropstopped_no_retain_recovery/trainer_state.json,/unlearning/experment_data/checkpoints/tofu/forget01/Llama-2-7b-chat-hf/SampleEarlyStopNPOMarginalRatioDropStopped/lr1e-5_b4_ga2_e10_marginalratio_ma3_stop0.1_rebound0.2_dropstopped_no_retain_recovery
forget01,40,Llama-2-7b-chat-hf,SampleEarlyStopNPOMarginalRatioDropStopped,marginal_nll_gain_ratio,normalized_nll_epoch_gain_ma,lr1e-5_b4_ga2_e10_marginalratio_ma3_stop0.2_rebound0.2_dropstopped_no_retain_recovery,False,False,1e-5,4,2,8,10,0.1,1,1,NLL,forget_anchor_random_retain,drop_paired_retain,actual_active_mean,cumulative_progress_loss_ratio,3,0.2,0.2,,,,,,0.2,,,,,0.01430154805,0.6114362385,0.5696242,0.8163869336,0.1178352591,0.1447509766,0.408942775,-36.14609571,0,40,40,0,88,22,10,10,50,286.547,4.775783333,/unlearning/experment_data/checkpoints/tofu/forget01/Llama-2-7b-chat-hf/SampleEarlyStopNPOMarginalRatioDropStopped/lr1e-5_b4_ga2_e10_marginalratio_ma3_stop0.2_rebound0.2_dropstopped_no_retain_recovery/eval/TOFU_SUMMARY.json,/unlearning/experment_data/checkpoints/tofu/forget01/Llama-2-7b-chat-hf/SampleEarlyStopNPOMarginalRatioDropStopped/lr1e-5_b4_ga2_e10_marginalratio_ma3_stop0.2_rebound0.2_dropstopped_no_retain_recovery/ies_nll_gain_history.jsonl,/unlearning/experment_data/checkpoints/tofu/forget01/Llama-2-7b-chat-hf/SampleEarlyStopNPOMarginalRatioDropStopped/lr1e-5_b4_ga2_e10_marginalratio_ma3_stop0.2_rebound0.2_dropstopped_no_retain_recovery/trainer_state.json,/unlearning/experment_data/checkpoints/tofu/forget01/Llama-2-7b-chat-hf/SampleEarlyStopNPOMarginalRatioDropStopped/lr1e-5_b4_ga2_e10_marginalratio_ma3_stop0.2_rebound0.2_dropstopped_no_retain_recovery
forget01,40,Llama-2-7b-chat-hf,SampleEarlyStopNPOMarginalRatioDropStopped,marginal_nll_gain_ratio,normalized_nll_epoch_gain_ma,lr2e-5_b4_ga2_e10_marginalratio_ma3_stop0.05_rebound0.2_dropstopped_fixed_baseline_denoms_no_retain_recovery,False,False,2e-5,4,2,8,10,0.1,1,1,NLL,forget_anchor_random_retain,drop_paired_retain,fixed_original_batch,cumulative_progress_loss_ratio,3,0.05,0.05,,,,,,0.2,,,,,0.5786001417,0.6176505913,0.683936648,0.7418276802,0.078479688,0.07032394409,0.3121717852,57.9345088,3,37,37,0,148,37,10,10,50,264.6971,4.411618333,/unlearning/experment_data/checkpoints/tofu/forget01/Llama-2-7b-chat-hf/SampleEarlyStopNPOMarginalRatioDropStopped/lr2e-5_b4_ga2_e10_marginalratio_ma3_stop0.05_rebound0.2_dropstopped_fixed_baseline_denoms_no_retain_recovery/eval/TOFU_SUMMARY.json,/unlearning/experment_data/checkpoints/tofu/forget01/Llama-2-7b-chat-hf/SampleEarlyStopNPOMarginalRatioDropStopped/lr2e-5_b4_ga2_e10_marginalratio_ma3_stop0.05_rebound0.2_dropstopped_fixed_baseline_denoms_no_retain_recovery/ies_nll_gain_history.jsonl,/unlearning/experment_data/checkpoints/tofu/forget01/Llama-2-7b-chat-hf/SampleEarlyStopNPOMarginalRatioDropStopped/lr2e-5_b4_ga2_e10_marginalratio_ma3_stop0.05_rebound0.2_dropstopped_fixed_baseline_denoms_no_retain_recovery/trainer_state.json,/unlearning/experment_data/checkpoints/tofu/forget01/Llama-2-7b-chat-hf/SampleEarlyStopNPOMarginalRatioDropStopped/lr2e-5_b4_ga2_e10_marginalratio_ma3_stop0.05_rebound0.2_dropstopped_fixed_baseline_denoms_no_retain_recovery
forget01,40,Llama-2-7b-chat-hf,SampleEarlyStopNPOMarginalRatioDropStopped,marginal_nll_gain_ratio,normalized_nll_epoch_gain_ma,lr2e-5_b4_ga2_e10_marginalratio_ma3_stop0.05_rebound0.2_dropstopped_no_retain_recovery,False,False,2e-5,4,2,8,10,0.1,1,1,NLL,forget_anchor_random_retain,drop_paired_retain,actual_active_mean,cumulative_progress_loss_ratio,3,0.05,0.05,,,,,,0.2,,,,,0.4045874057,0.6178006503,0.680282541,0.7433142215,0.078479688,0.0698928833,0.3137950933,57.9345088,3,37,37,0,147,36.75,10,10,50,264.3664,4.406106667,/unlearning/experment_data/checkpoints/tofu/forget01/Llama-2-7b-chat-hf/SampleEarlyStopNPOMarginalRatioDropStopped/lr2e-5_b4_ga2_e10_marginalratio_ma3_stop0.05_rebound0.2_dropstopped_no_retain_recovery/eval/TOFU_SUMMARY.json,/unlearning/experment_data/checkpoints/tofu/forget01/Llama-2-7b-chat-hf/SampleEarlyStopNPOMarginalRatioDropStopped/lr2e-5_b4_ga2_e10_marginalratio_ma3_stop0.05_rebound0.2_dropstopped_no_retain_recovery/ies_nll_gain_history.jsonl,/unlearning/experment_data/checkpoints/tofu/forget01/Llama-2-7b-chat-hf/SampleEarlyStopNPOMarginalRatioDropStopped/lr2e-5_b4_ga2_e10_marginalratio_ma3_stop0.05_rebound0.2_dropstopped_no_retain_recovery/trainer_state.json,/unlearning/experment_data/checkpoints/tofu/forget01/Llama-2-7b-chat-hf/SampleEarlyStopNPOMarginalRatioDropStopped/lr2e-5_b4_ga2_e10_marginalratio_ma3_stop0.05_rebound0.2_dropstopped_no_retain_recovery
forget01,40,Llama-2-7b-chat-hf,SampleEarlyStopNPOMarginalRatioDropStopped,marginal_nll_gain_ratio,normalized_nll_epoch_gain_ma,lr2e-5_b4_ga2_e10_marginalratio_ma3_stop0.1_rebound0.2_dropstopped_fixed_baseline_denoms_no_retain_recovery,False,False,2e-5,4,2,8,10,0.1,1,1,NLL,forget_anchor_random_retain,drop_paired_retain,fixed_original_batch,cumulative_progress_loss_ratio,3,0.1,0.1,,,,,,0.2,,,,,0.4045874057,0.6154769385,0.6817405863,0.7424420819,0.078479688,0.07049713135,0.3087327447,57.68261964,3,37,38,1,152,38,10,10,50,258.7338,4.31223,/unlearning/experment_data/checkpoints/tofu/forget01/Llama-2-7b-chat-hf/SampleEarlyStopNPOMarginalRatioDropStopped/lr2e-5_b4_ga2_e10_marginalratio_ma3_stop0.1_rebound0.2_dropstopped_fixed_baseline_denoms_no_retain_recovery/eval/TOFU_SUMMARY.json,/unlearning/experment_data/checkpoints/tofu/forget01/Llama-2-7b-chat-hf/SampleEarlyStopNPOMarginalRatioDropStopped/lr2e-5_b4_ga2_e10_marginalratio_ma3_stop0.1_rebound0.2_dropstopped_fixed_baseline_denoms_no_retain_recovery/ies_nll_gain_history.jsonl,/unlearning/experment_data/checkpoints/tofu/forget01/Llama-2-7b-chat-hf/SampleEarlyStopNPOMarginalRatioDropStopped/lr2e-5_b4_ga2_e10_marginalratio_ma3_stop0.1_rebound0.2_dropstopped_fixed_baseline_denoms_no_retain_recovery/trainer_state.json,/unlearning/experment_data/checkpoints/tofu/forget01/Llama-2-7b-chat-hf/SampleEarlyStopNPOMarginalRatioDropStopped/lr2e-5_b4_ga2_e10_marginalratio_ma3_stop0.1_rebound0.2_dropstopped_fixed_baseline_denoms_no_retain_recovery
forget01,40,Llama-2-7b-chat-hf,SampleEarlyStopNPOMarginalRatioDropStopped,marginal_nll_gain_ratio,normalized_nll_epoch_gain_ma,lr2e-5_b4_ga2_e10_marginalratio_ma3_stop0.1_rebound0.2_dropstopped_no_retain_recovery,False,False,2e-5,4,2,8,10,0.1,1,1,NLL,forget_anchor_random_retain,drop_paired_retain,actual_active_mean,cumulative_progress_loss_ratio,3,0.1,0.1,,,,,,0.2,,,,,0.4045874057,0.6155720332,0.6818805068,0.7426661298,0.078479688,0.07024612427,0.3032310407,58.18639797,3,37,38,1,151,37.75,10,10,50,263.6911,4.394851667,/unlearning/experment_data/checkpoints/tofu/forget01/Llama-2-7b-chat-hf/SampleEarlyStopNPOMarginalRatioDropStopped/lr2e-5_b4_ga2_e10_marginalratio_ma3_stop0.1_rebound0.2_dropstopped_no_retain_recovery/eval/TOFU_SUMMARY.json,/unlearning/experment_data/checkpoints/tofu/forget01/Llama-2-7b-chat-hf/SampleEarlyStopNPOMarginalRatioDropStopped/lr2e-5_b4_ga2_e10_marginalratio_ma3_stop0.1_rebound0.2_dropstopped_no_retain_recovery/ies_nll_gain_history.jsonl,/unlearning/experment_data/checkpoints/tofu/forget01/Llama-2-7b-chat-hf/SampleEarlyStopNPOMarginalRatioDropStopped/lr2e-5_b4_ga2_e10_marginalratio_ma3_stop0.1_rebound0.2_dropstopped_no_retain_recovery/trainer_state.json,/unlearning/experment_data/checkpoints/tofu/forget01/Llama-2-7b-chat-hf/SampleEarlyStopNPOMarginalRatioDropStopped/lr2e-5_b4_ga2_e10_marginalratio_ma3_stop0.1_rebound0.2_dropstopped_no_retain_recovery
forget01,40,Llama-2-7b-chat-hf,SampleEarlyStopNPOMarginalRatioDropStopped,marginal_nll_gain_ratio,normalized_nll_epoch_gain_ma,lr2e-5_b4_ga2_e10_marginalratio_ma3_stop0.2_rebound0.2_dropstopped_fixed_baseline_denoms_no_retain_recovery,False,False,2e-5,4,2,8,10,0.1,1,1,NLL,forget_anchor_random_retain,drop_paired_retain,fixed_original_batch,cumulative_progress_loss_ratio,3,0.2,0.2,,,,,,0.2,,,,,0.4045874057,0.6128053625,0.6818959462,0.7432673588,0.09676672503,0.07372894287,0.3211662319,50.37783374,0,40,40,0,182,45.5,10,10,50,208.0085,3.466808333,/unlearning/experment_data/checkpoints/tofu/forget01/Llama-2-7b-chat-hf/SampleEarlyStopNPOMarginalRatioDropStopped/lr2e-5_b4_ga2_e10_marginalratio_ma3_stop0.2_rebound0.2_dropstopped_fixed_baseline_denoms_no_retain_recovery/eval/TOFU_SUMMARY.json,/unlearning/experment_data/checkpoints/tofu/forget01/Llama-2-7b-chat-hf/SampleEarlyStopNPOMarginalRatioDropStopped/lr2e-5_b4_ga2_e10_marginalratio_ma3_stop0.2_rebound0.2_dropstopped_fixed_baseline_denoms_no_retain_recovery/ies_nll_gain_history.jsonl,/unlearning/experment_data/checkpoints/tofu/forget01/Llama-2-7b-chat-hf/SampleEarlyStopNPOMarginalRatioDropStopped/lr2e-5_b4_ga2_e10_marginalratio_ma3_stop0.2_rebound0.2_dropstopped_fixed_baseline_denoms_no_retain_recovery/trainer_state.json,/unlearning/experment_data/checkpoints/tofu/forget01/Llama-2-7b-chat-hf/SampleEarlyStopNPOMarginalRatioDropStopped/lr2e-5_b4_ga2_e10_marginalratio_ma3_stop0.2_rebound0.2_dropstopped_fixed_baseline_denoms_no_retain_recovery
forget01,40,Llama-2-7b-chat-hf,SampleEarlyStopNPOMarginalRatioDropStopped,marginal_nll_gain_ratio,normalized_nll_epoch_gain_ma,lr2e-5_b4_ga2_e10_marginalratio_ma3_stop0.2_rebound0.2_dropstopped_no_retain_recovery,False,False,2e-5,4,2,8,10,0.1,1,1,NLL,forget_anchor_random_retain,drop_paired_retain,actual_active_mean,cumulative_progress_loss_ratio,3,0.2,0.2,,,,,,0.2,,,,,0.4045874057,0.6123570504,0.6815566023,0.7434988409,0.097229688,0.07332611084,0.3197814764,50.88161208,0,40,40,0,182,45.5,10,10,50,206.4792,3.44132,/unlearning/experment_data/checkpoints/tofu/forget01/Llama-2-7b-chat-hf/SampleEarlyStopNPOMarginalRatioDropStopped/lr2e-5_b4_ga2_e10_marginalratio_ma3_stop0.2_rebound0.2_dropstopped_no_retain_recovery/eval/TOFU_SUMMARY.json,/unlearning/experment_data/checkpoints/tofu/forget01/Llama-2-7b-chat-hf/SampleEarlyStopNPOMarginalRatioDropStopped/lr2e-5_b4_ga2_e10_marginalratio_ma3_stop0.2_rebound0.2_dropstopped_no_retain_recovery/ies_nll_gain_history.jsonl,/unlearning/experment_data/checkpoints/tofu/forget01/Llama-2-7b-chat-hf/SampleEarlyStopNPOMarginalRatioDropStopped/lr2e-5_b4_ga2_e10_marginalratio_ma3_stop0.2_rebound0.2_dropstopped_no_retain_recovery/trainer_state.json,/unlearning/experment_data/checkpoints/tofu/forget01/Llama-2-7b-chat-hf/SampleEarlyStopNPOMarginalRatioDropStopped/lr2e-5_b4_ga2_e10_marginalratio_ma3_stop0.2_rebound0.2_dropstopped_no_retain_recovery
forget01,40,Llama-2-7b-chat-hf,SampleEarlyStopNPOMarginalRatioDropStopped,marginal_nll_gain_ratio,normalized_nll_epoch_gain_ma,lr5e-5_b4_ga2_e10_marginalratio_ma3_stop0.05_rebound0.2_dropstopped_no_retain_recovery,False,False,5e-5,4,2,8,10,0.1,1,1,NLL,forget_anchor_random_retain,drop_paired_retain,actual_active_mean,cumulative_progress_loss_ratio,3,0.05,0.05,,,,,,0.2,,,,,0.0970748438,0.5467613729,0.6793654205,0.5417244114,0.04903077031,0.02269849777,0.1575877629,99.37027706,0,40,40,0,104,26,10,10,50,286.7258,4.778763333,/unlearning/experment_data/checkpoints/tofu/forget01/Llama-2-7b-chat-hf/SampleEarlyStopNPOMarginalRatioDropStopped/lr5e-5_b4_ga2_e10_marginalratio_ma3_stop0.05_rebound0.2_dropstopped_no_retain_recovery/eval/TOFU_SUMMARY.json,/unlearning/experment_data/checkpoints/tofu/forget01/Llama-2-7b-chat-hf/SampleEarlyStopNPOMarginalRatioDropStopped/lr5e-5_b4_ga2_e10_marginalratio_ma3_stop0.05_rebound0.2_dropstopped_no_retain_recovery/ies_nll_gain_history.jsonl,/unlearning/experment_data/checkpoints/tofu/forget01/Llama-2-7b-chat-hf/SampleEarlyStopNPOMarginalRatioDropStopped/lr5e-5_b4_ga2_e10_marginalratio_ma3_stop0.05_rebound0.2_dropstopped_no_retain_recovery/trainer_state.json,/unlearning/experment_data/checkpoints/tofu/forget01/Llama-2-7b-chat-hf/SampleEarlyStopNPOMarginalRatioDropStopped/lr5e-5_b4_ga2_e10_marginalratio_ma3_stop0.05_rebound0.2_dropstopped_no_retain_recovery
forget01,40,Llama-2-7b-chat-hf,SampleEarlyStopNPOMarginalRatioDropStopped,marginal_nll_gain_ratio,normalized_nll_epoch_gain_ma,lr5e-5_b4_ga2_e10_marginalratio_ma3_stop0.1_rebound0.2_dropstopped_no_retain_recovery,False,False,5e-5,4,2,8,10,0.1,1,1,NLL,forget_anchor_random_retain,drop_paired_retain,actual_active_mean,cumulative_progress_loss_ratio,3,0.1,0.1,,,,,,0.2,,,,,0.0970748438,0.5485622383,0.6788372835,0.5436456658,0.04703077031,0.02280683517,0.1504693208,99.8740554,0,40,40,0,137,34.25,10,10,50,255.2912,4.254853333,/unlearning/experment_data/checkpoints/tofu/forget01/Llama-2-7b-chat-hf/SampleEarlyStopNPOMarginalRatioDropStopped/lr5e-5_b4_ga2_e10_marginalratio_ma3_stop0.1_rebound0.2_dropstopped_no_retain_recovery/eval/TOFU_SUMMARY.json,/unlearning/experment_data/checkpoints/tofu/forget01/Llama-2-7b-chat-hf/SampleEarlyStopNPOMarginalRatioDropStopped/lr5e-5_b4_ga2_e10_marginalratio_ma3_stop0.1_rebound0.2_dropstopped_no_retain_recovery/ies_nll_gain_history.jsonl,/unlearning/experment_data/checkpoints/tofu/forget01/Llama-2-7b-chat-hf/SampleEarlyStopNPOMarginalRatioDropStopped/lr5e-5_b4_ga2_e10_marginalratio_ma3_stop0.1_rebound0.2_dropstopped_no_retain_recovery/trainer_state.json,/unlearning/experment_data/checkpoints/tofu/forget01/Llama-2-7b-chat-hf/SampleEarlyStopNPOMarginalRatioDropStopped/lr5e-5_b4_ga2_e10_marginalratio_ma3_stop0.1_rebound0.2_dropstopped_no_retain_recovery
forget01,40,Llama-2-7b-chat-hf,SampleEarlyStopNPOMarginalRatioDropStopped,marginal_nll_gain_ratio,normalized_nll_epoch_gain_ma,lr5e-5_b4_ga2_e10_marginalratio_ma3_stop0.2_rebound0.2_dropstopped_no_retain_recovery,False,False,5e-5,4,2,8,10,0.1,1,1,NLL,forget_anchor_random_retain,drop_paired_retain,actual_active_mean,cumulative_progress_loss_ratio,3,0.2,0.2,,,,,,0.2,,,,,0.05414107748,0.5332585858,0.6863809605,0.5304841302,0.04862431821,0.02375297546,0.1670403119,99.24433247,0,40,40,0,185,46.25,10,10,50,218.03,3.633833333,/unlearning/experment_data/checkpoints/tofu/forget01/Llama-2-7b-chat-hf/SampleEarlyStopNPOMarginalRatioDropStopped/lr5e-5_b4_ga2_e10_marginalratio_ma3_stop0.2_rebound0.2_dropstopped_no_retain_recovery/eval/TOFU_SUMMARY.json,/unlearning/experment_data/checkpoints/tofu/forget01/Llama-2-7b-chat-hf/SampleEarlyStopNPOMarginalRatioDropStopped/lr5e-5_b4_ga2_e10_marginalratio_ma3_stop0.2_rebound0.2_dropstopped_no_retain_recovery/ies_nll_gain_history.jsonl,/unlearning/experment_data/checkpoints/tofu/forget01/Llama-2-7b-chat-hf/SampleEarlyStopNPOMarginalRatioDropStopped/lr5e-5_b4_ga2_e10_marginalratio_ma3_stop0.2_rebound0.2_dropstopped_no_retain_recovery/trainer_state.json,/unlearning/experment_data/checkpoints/tofu/forget01/Llama-2-7b-chat-hf/SampleEarlyStopNPOMarginalRatioDropStopped/lr5e-5_b4_ga2_e10_marginalratio_ma3_stop0.2_rebound0.2_dropstopped_no_retain_recovery
