run,lr,batch,checkpoint,step,exact_memorization,extraction_strength,forget_Q_A_Prob,forget_Q_A_ROUGE,forget_quality,forget_truth_ratio,model_utility,privleak
lr2e-5_b16_mb8_ga2_e10,2e-5,16,checkpoint-104,104,0.7475253303349018,0.097911417514089,0.1457600295287557,0.3673052442558992,0.000648608042418048,0.6366722308391782,0.6056121366601774,-28.086943112673513
lr2e-5_b16_mb8_ga2_e10,2e-5,16,checkpoint-117,117,0.7467206543684006,0.09643600767802342,0.14366138020472136,0.36644434792966607,0.000648608042418048,0.6349681522439612,0.6066777990949074,-27.52042546207486
lr2e-5_b16_mb8_ga2_e10,2e-5,16,checkpoint-120,120,0.7472684785723687,0.09717130179567046,0.14392742205149262,0.36480225866088695,0.0014264303851701861,0.6348948264300219,0.6074893238913973,-27.562817939330543
lr2e-5_b16_mb8_ga2_e10,2e-5,16,checkpoint-13,13,0.9657644483447075,0.6093895340688755,0.816063718944788,0.7325100604684935,1.3261055712130201e-13,0.5482714939918689,0.6279840557360289,-99.68783719752
lr2e-5_b16_mb8_ga2_e10,2e-5,16,checkpoint-26,26,0.8690634307265281,0.2255176697042038,0.2503219449426979,0.5265813736817667,2.44374577116149e-10,0.601816048863194,0.5268115447023797,-93.20949590053807
lr2e-5_b16_mb8_ga2_e10,2e-5,16,checkpoint-39,39,0.7981031262874603,0.14858943474499411,0.24242469602264463,0.4882461542639216,2.4125498977354686e-08,0.6157277107104718,0.5388143365792265,-80.26437489128035
lr2e-5_b16_mb8_ga2_e10,2e-5,16,checkpoint-52,52,0.7768125376105308,0.12310599024151715,0.1894346501759719,0.45568710103385557,4.6128382074998843e-07,0.6309762790123551,0.5505256344604172,-62.667642968603744
lr2e-5_b16_mb8_ga2_e10,2e-5,16,checkpoint-65,65,0.7703562536835671,0.11599927965293207,0.19987149644992314,0.4333948775669995,4.7487878961137165e-05,0.6455536151440802,0.5689257465194273,-56.06597810142348
lr2e-5_b16_mb8_ga2_e10,2e-5,16,checkpoint-78,78,0.7535774692893028,0.1035990638046025,0.16273199568342533,0.38188868068143367,0.0002829222008740643,0.646588864873499,0.5880317535350487,-42.26529982391471
lr2e-5_b16_mb8_ga2_e10,2e-5,16,checkpoint-91,91,0.747592362165451,0.09942330802026474,0.1399183966903365,0.36642517806356933,0.0014264303851701861,0.6376092926751641,0.6000933217046885,-29.690149525252036
lr2e-5_b32_mb8_ga4_e10,2e-5,32,checkpoint-14,14,0.9017644783854485,0.30702967778925394,0.3944264099933207,0.5349520594038468,5.951062636424447e-11,0.5821092048537614,0.5734008818989754,-96.4159087256951
lr2e-5_b32_mb8_ga4_e10,2e-5,32,checkpoint-21,21,0.8336187168955803,0.19911739875537252,0.2648353710118681,0.45547820645142584,2.6127403909667314e-07,0.6108790632568001,0.5422176859941883,-84.17989824507785
lr2e-5_b32_mb8_ga4_e10,2e-5,32,checkpoint-28,28,0.8051093250513077,0.16369721025048498,0.22402736264280976,0.43728202696345486,2.3797467071606504e-06,0.6219148571670197,0.5453058595468384,-76.09449667394873
lr2e-5_b32_mb8_ga4_e10,2e-5,32,checkpoint-35,35,0.799587362408638,0.1563636281149753,0.24283577611437068,0.4215683170087715,2.3797467071606504e-06,0.6265932511837352,0.5561789292580122,-73.15400029703191
lr2e-5_b32_mb8_ga4_e10,2e-5,32,checkpoint-42,42,0.7950891891121864,0.1540753116810286,0.20854204764589668,0.4179897600138042,1.8266119303942767e-05,0.62707843176452,0.5570028451615096,-70.13642668874108
lr2e-5_b32_mb8_ga4_e10,2e-5,32,checkpoint-49,49,0.793884644806385,0.15258648168193728,0.21592765487497673,0.41419908948150586,2.3797467071606504e-06,0.6322131237075527,0.5629809263052651,-68.9687066334255
lr2e-5_b32_mb8_ga4_e10,2e-5,32,checkpoint-56,56,0.7923575443029404,0.1524145796459223,0.2205856132390909,0.41438073365350137,4.024806511439489e-06,0.6312004875731423,0.5644751808350026,-68.5409279993
lr2e-5_b32_mb8_ga4_e10,2e-5,32,checkpoint-60,60,0.7931302365660667,0.15283209318349372,0.2201402007159777,0.4159707988109291,6.734842895808746e-06,0.6320471372665256,0.5649903638163997,-68.44843532165125
lr2e-5_b32_mb8_ga4_e10,2e-5,32,checkpoint-7,7,0.9729630726575852,0.7016690390696442,0.8884763370454312,0.7649758731301475,1.3261055712130201e-13,0.5357081176115913,0.6324485164156904,-99.78032987516875
lr4e-5_b16_mb8_ga2_e10,4e-5,16,checkpoint-104,104,0.5454299129359425,0.05458056851781505,0.04256719882318066,0.21025932673204514,0.2704743832803917,0.6532290549650146,0.5944091240630422,46.358100809872326
lr4e-5_b16_mb8_ga2_e10,4e-5,16,checkpoint-117,117,0.5455007665790618,0.055116282803529336,0.04236095479387586,0.20789833705566507,0.220541217580421,0.6525177531948265,0.5950738094950032,46.27331585536097
lr4e-5_b16_mb8_ga2_e10,4e-5,16,checkpoint-120,120,0.5450676900334657,0.05489889149918151,0.042327627841914364,0.2080088615608967,0.220541217580421,0.6521061189615759,0.5952721387947383,46.35424694830363
lr4e-5_b16_mb8_ga2_e10,4e-5,16,checkpoint-13,13,0.83633559435606,0.1898434213031218,0.31717564767226575,0.46760748992172824,2.6127403909667314e-07,0.6280975172728122,0.5253208680275391,-90.09942961459852
lr4e-5_b16_mb8_ga2_e10,4e-5,16,checkpoint-26,26,0.6156189193576574,0.07054199557594146,0.12066971915308386,0.35682400704058564,0.6284308022715471,0.7093074425706432,0.5334814090586524,10.058578694302657
lr4e-5_b16_mb8_ga2_e10,4e-5,16,checkpoint-39,39,0.5611469161510467,0.055530746769996676,0.047813263891730455,0.23689343411018463,0.11228360286766195,0.6731384822817087,0.5747486231040075,37.868043774029886
lr4e-5_b16_mb8_ga2_e10,4e-5,16,checkpoint-52,52,0.5586677533574402,0.055242871373090655,0.04474249204182343,0.24279619182826173,0.46628639073563594,0.6564379732137161,0.579060980360754,42.777863412551575
lr4e-5_b16_mb8_ga2_e10,4e-5,16,checkpoint-65,65,0.5499687648750842,0.055499842373947554,0.045655958318584454,0.22020002218915163,0.1420746514551761,0.6622147005221712,0.5878841351805246,46.36966239457843
lr4e-5_b16_mb8_ga2_e10,4e-5,16,checkpoint-78,78,0.5451414439640939,0.05521432201921561,0.04440472561276693,0.2042418211620096,0.2704743832803917,0.6564468588107534,0.5932238871364623,46.338831502028846
lr4e-5_b16_mb8_ga2_e10,4e-5,16,checkpoint-91,91,0.545570649895817,0.05521432201921561,0.04313767585910682,0.20421700121622238,0.220541217580421,0.6547727794123542,0.5935786023373918,46.39278556399062
lr4e-5_b32_mb8_ga4_e10,4e-5,32,checkpoint-14,14,0.6731288382411003,0.08407756896966961,0.1619672010699287,0.3431381790486355,0.03956202584899502,0.7167568620916407,0.4940927994743355,-16.879913670898755
lr4e-5_b32_mb8_ga4_e10,4e-5,32,checkpoint-21,21,0.6053306041657924,0.06329092088515491,0.08362852471182122,0.2492709114071273,0.9877895282790693,0.6901392529053291,0.5500171045030476,34.966086012800034
lr4e-5_b32_mb8_ga4_e10,4e-5,32,checkpoint-28,28,0.5574002758786082,0.05333616165117449,0.0567742700781173,0.2554784247158191,0.8655265369450457,0.6742916196993093,0.579282159738879,41.452135032919344
lr4e-5_b32_mb8_ga4_e10,4e-5,32,checkpoint-35,35,0.5536202989891171,0.05275691177450012,0.057314019158802694,0.2267982038381985,0.7933622419382523,0.6777556574918799,0.5850368117469474,41.75273623527781
lr4e-5_b32_mb8_ga4_e10,4e-5,32,checkpoint-42,42,0.5656780824437737,0.059566722790978764,0.0592381835064316,0.21986427507447176,0.6284308022715471,0.6774761934086443,0.587312422402472,41.24017264664093
lr4e-5_b32_mb8_ga4_e10,4e-5,32,checkpoint-49,49,0.5675485455617308,0.0606437297597604,0.05903211949604156,0.21605682543686627,0.6284308022715471,0.6759963106117561,0.5864005880565112,41.139972245854786
lr4e-5_b32_mb8_ga4_e10,4e-5,32,checkpoint-56,56,0.5662852052971721,0.058700442094672046,0.05844389100115222,0.22001742707568275,0.5452713464323318,0.6757237124740467,0.5880027478761387,41.336519185858386
lr4e-5_b32_mb8_ga4_e10,4e-5,32,checkpoint-60,60,0.5660306170210242,0.05963658928081924,0.05838805022289307,0.22257801414154132,0.5452713464323318,0.6760283870745818,0.5888571216897052,41.38276552468278
lr4e-5_b32_mb8_ga4_e10,4e-5,32,checkpoint-7,7,0.8500398644804954,0.20444501443025062,0.4466815370693803,0.47524418245925204,1.4639479233432268e-07,0.6286783573938819,0.5799306933901345,-92.12270693816514
lr5e-5_b16_mb8_ga2_e10,5e-5,16,checkpoint-104,104,0.5094429766014218,0.04829353096106107,0.037543124258231725,0.20870107616459535,0.0878382826713132,0.6592779445231258,0.5725696984978413,48.847695383251455
lr5e-5_b16_mb8_ga2_e10,5e-5,16,checkpoint-117,117,0.5096174360439182,0.048579304845082764,0.03733798130257014,0.20774985445001337,0.06801920461119272,0.6589392532679237,0.5758733764723881,48.890087860507144
lr5e-5_b16_mb8_ga2_e10,5e-5,16,checkpoint-120,120,0.5095283450558782,0.04851436978014771,0.03729902550934071,0.20392063583369954,0.0878382826713132,0.658795808987283,0.5752087375502967,48.920918753056725
lr5e-5_b16_mb8_ga2_e10,5e-5,16,checkpoint-13,13,0.6505594526231289,0.07188566282654273,0.14024778696708382,0.3637146110728509,0.006094418258803505,0.7035762697093793,0.4628971497966741,-32.82719284217246
lr5e-5_b16_mb8_ga2_e10,5e-5,16,checkpoint-26,26,0.5278303017467261,0.05132972757213427,0.03822034153719414,0.20831923167275973,0.11228360286766195,0.6783616392793813,0.5879849701761629,48.5201171499121
lr5e-5_b16_mb8_ga2_e10,5e-5,16,checkpoint-39,39,0.5123877401649952,0.049784298780355736,0.03248823023163368,0.23943383234799087,0.052139087188847716,0.6677132570819301,0.5692774733287111,48.84384152168276
lr5e-5_b16_mb8_ga2_e10,5e-5,16,checkpoint-52,52,0.5167026148736477,0.048794526181820404,0.03282159325830662,0.24090722865413272,0.052139087188847716,0.6642341670772567,0.5759399591674331,48.81301062913318
lr5e-5_b16_mb8_ga2_e10,5e-5,16,checkpoint-65,65,0.5236775650084019,0.04929109049268183,0.03382863315917575,0.2312859073534669,0.11228360286766195,0.6604627994048882,0.568110402649551,48.296593178927594
lr5e-5_b16_mb8_ga2_e10,5e-5,16,checkpoint-78,78,0.5105942390114069,0.047920920446521915,0.03681250053267604,0.24824350809822593,0.052139087188847716,0.6616205968754951,0.5772199206429487,48.28503159422151
lr5e-5_b16_mb8_ga2_e10,5e-5,16,checkpoint-91,91,0.5103001215681434,0.04874459176815904,0.038281541974290574,0.21457424514630807,0.0878382826713132,0.6619589559160864,0.5705119929280569,48.92862647619412
lr5e-5_b32_mb8_ga4_e10,5e-5,32,checkpoint-14,14,0.6030767153203488,0.06454659675182445,0.11616692435520236,0.28179137518415587,0.0878382826713132,0.7401832451672976,0.5055389677287238,27.639895170704502
lr5e-5_b32_mb8_ga4_e10,5e-5,32,checkpoint-21,21,0.562836105376482,0.05338269964129425,0.06229650676694291,0.21279292676898623,0.39352743357720954,0.6996184401750714,0.5602973070207837,45.702944343193614
lr5e-5_b32_mb8_ga4_e10,5e-5,32,checkpoint-28,28,0.5326446700841189,0.05361415014715247,0.047742811998068645,0.18207015649417285,0.39352743357720954,0.6882008730332267,0.5763242888763963,47.818714344408995
lr5e-5_b32_mb8_ga4_e10,5e-5,32,checkpoint-35,35,0.5343937714397907,0.05721086292920888,0.04189368982319138,0.19011978024147255,0.17793352788293415,0.6897473237514707,0.57789650341524,48.169415747160556
lr5e-5_b32_mb8_ga4_e10,5e-5,32,checkpoint-42,42,0.5340130715817213,0.05608383763744877,0.04035759503665758,0.20314800479449688,0.06801920461119272,0.6880168805749487,0.5877066142850587,48.53938645775558
lr5e-5_b32_mb8_ga4_e10,5e-5,32,checkpoint-49,49,0.5326620932668448,0.05397994680465399,0.03966270183591405,0.20529921695493222,0.11228360286766195,0.6853536532764402,0.5885490942126479,48.90550330678193
lr5e-5_b32_mb8_ga4_e10,5e-5,32,checkpoint-56,56,0.5336473882943392,0.054100627698962934,0.0394957468636494,0.198820397577623,0.1420746514551761,0.685149328973172,0.5895177510785151,48.9787266765872
lr5e-5_b32_mb8_ga4_e10,5e-5,32,checkpoint-60,60,0.533148003295064,0.054960968494151705,0.039411705704369526,0.19977702997840674,0.1420746514551761,0.6846411192959806,0.5908596741694702,49.01726529227418
lr5e-5_b32_mb8_ga4_e10,5e-5,32,checkpoint-7,7,0.7499705210328103,0.12568321156754828,0.2833898220211267,0.40040398067614097,1.1150402145378719e-05,0.6792145685026721,0.5179592226081358,-72.38708184486094
lr6e-5_b16_mb8_ga2_e10,6e-5,16,checkpoint-104,104,0.4877458422631025,0.04996534976328665,0.03247991897382698,0.18305584125646981,0.004304993380033157,0.6829940958119998,0.5346783756935809,50.832434091131105
lr6e-5_b16_mb8_ga2_e10,6e-5,16,checkpoint-117,117,0.48841486968100073,0.05105722131711472,0.0325269856188617,0.1805032254386797,0.004304993380033157,0.6824600246931826,0.5357086095170761,50.82472636799371
lr6e-5_b16_mb8_ga2_e10,6e-5,16,checkpoint-120,120,0.4885690668225288,0.05061912999667047,0.03255309993175482,0.18064992077271178,0.004304993380033157,0.6826217894736064,0.535655299623838,50.832434091131105
lr6e-5_b16_mb8_ga2_e10,6e-5,16,checkpoint-13,13,0.6374174486100673,0.07532581705676492,0.1380748889828101,0.3578640010891067,0.06801920461119272,0.7223907819973061,0.4806830029366583,-9.029597655460218
lr6e-5_b16_mb8_ga2_e10,6e-5,16,checkpoint-26,26,0.4775610955059528,0.04813812395458683,0.02885658486387724,0.2135094353698016,0.006094418258803505,0.6850484512529883,0.5322160991678277,50.339139810337706
lr6e-5_b16_mb8_ga2_e10,6e-5,16,checkpoint-39,39,0.45022151147946715,0.04415065943761475,0.027211214681921475,0.21882850311982088,0.0002829222008740643,0.6850524102491619,0.5225169612211322,51.310312925649704
lr6e-5_b16_mb8_ga2_e10,6e-5,16,checkpoint-52,52,0.49212277030572293,0.05144371415031582,0.032623561115287136,0.20770384826828228,0.0009668691315127085,0.681050596919948,0.5122543496659859,50.91721904564247
lr6e-5_b16_mb8_ga2_e10,6e-5,16,checkpoint-65,65,0.49281104998663067,0.04789667347355763,0.036907916674786205,0.1686374391421451,0.006094418258803505,0.6882345312124771,0.5156821290018448,51.086788954665195
lr6e-5_b16_mb8_ga2_e10,6e-5,16,checkpoint-78,78,0.48401971386745574,0.04576083298516601,0.03304613082048005,0.18396423394830655,0.0030098470801667434,0.6847695524015492,0.5306044995905698,51.163866186039165
lr6e-5_b16_mb8_ga2_e10,6e-5,16,checkpoint-91,91,0.48734355442225935,0.04776140792260709,0.03226879442742311,0.18863415621879903,0.0020827633834865906,0.6850150799195053,0.5336151480079359,51.02512716956602
lr6e-5_b32_mb8_ga4_e10,6e-5,32,checkpoint-14,14,0.5140517725795507,0.048769619666192324,0.05162599815204885,0.23115537781668002,0.006094418258803505,0.7166727993152116,0.5224621317641422,47.31000461734082
lr6e-5_b32_mb8_ga4_e10,6e-5,32,checkpoint-21,21,0.4579340523667634,0.05051170556639493,0.03551476192826612,0.185829732787212,0.004304993380033157,0.6966842949684822,0.5523941170135294,48.49699398049992
lr6e-5_b32_mb8_ga4_e10,6e-5,32,checkpoint-28,28,0.45190684171393514,0.049283152369969815,0.040466963796206984,0.1696494405493527,0.0014264303851701861,0.7030939688426373,0.5612459781667027,48.21951594755363
lr6e-5_b32_mb8_ga4_e10,6e-5,32,checkpoint-35,35,0.44951246461831035,0.050357262412346795,0.03891620372733996,0.19155316377167053,0.0004306111484986726,0.7009053687494324,0.5583101254279855,48.65885616638524
lr6e-5_b32_mb8_ga4_e10,6e-5,32,checkpoint-42,42,0.4472927572391927,0.04913871445116417,0.038406955382997696,0.18096786983794844,0.0002829222008740643,0.6997721825948868,0.5597907832144944,48.91706489148803
lr6e-5_b32_mb8_ga4_e10,6e-5,32,checkpoint-49,49,0.44541709559969606,0.04862834324102892,0.03756576707683962,0.17689448638097602,0.0004306111484986726,0.6985800877270227,0.5649521561823043,49.17912747815951
lr6e-5_b32_mb8_ga4_e10,6e-5,32,checkpoint-56,56,0.4445932411495596,0.04943696470815004,0.036998145254046905,0.1798242272391477,0.00018395764501293307,0.6989688280546741,0.5690952270206568,49.186835201296915
lr6e-5_b32_mb8_ga4_e10,6e-5,32,checkpoint-60,60,0.4435454250872135,0.049240886276777494,0.0370103477552675,0.18416143694761022,0.0002829222008740643,0.6991232577896688,0.568787755744517,49.16756589345342
lr6e-5_b32_mb8_ga4_e10,6e-5,32,checkpoint-7,7,0.681904308795929,0.09321892795883467,0.20277041532099246,0.341105841470009,0.0020827633834865906,0.7095326390918916,0.4741651756496789,-45.44858947965951
lr7e-5_b16_mb8_ga2_e10,7e-5,16,checkpoint-104,104,0.48152523804455993,0.053155826454865024,0.031211459952763913,0.19690369491536452,0.016258459276759563,0.6215409094611434,0.5194593574833033,51.45675966526024
lr7e-5_b16_mb8_ga2_e10,7e-5,16,checkpoint-117,117,0.48130068492144346,0.05157265428284402,0.030973993032255332,0.1979360993652628,0.016258459276759563,0.6196404297973257,0.5219932426733392,51.54154461977159
lr7e-5_b16_mb8_ga2_e10,7e-5,16,checkpoint-120,120,0.4820250065997243,0.05350670364784747,0.03099162406251957,0.19982471849850922,0.016258459276759563,0.6204554347676766,0.521712223161368,51.5453984813403
lr7e-5_b16_mb8_ga2_e10,7e-5,16,checkpoint-13,13,0.6738193628191947,0.07903983271992225,0.18298402637708933,0.3488957294747438,0.004304993380033157,0.7008374816429608,0.4778480186698996,-52.45105594998443
lr7e-5_b16_mb8_ga2_e10,7e-5,16,checkpoint-26,26,0.4434468527697027,0.04872035621132096,0.026003153517718203,0.2002731569640028,0.0014264303851701861,0.6144006099680225,0.5081621273024916,51.765068590756115
lr7e-5_b16_mb8_ga2_e10,7e-5,16,checkpoint-39,39,0.4524278140813112,0.047079954606067405,0.02714250705818868,0.20099308455103795,0.006094418258803505,0.6096898759709171,0.4991708460688432,51.402805603298454
lr7e-5_b16_mb8_ga2_e10,7e-5,16,checkpoint-52,52,0.47318468175828454,0.04658208159711503,0.031671352814529256,0.2263029117445083,0.006094418258803505,0.6222716362649142,0.5129318214361491,51.45675966526024
lr7e-5_b16_mb8_ga2_e10,7e-5,16,checkpoint-65,65,0.47358585592359304,0.04994418700878514,0.03256009272236242,0.18207953549056888,0.008539483949831865,0.6261826935471996,0.5108736427749054,52.046400485271086
lr7e-5_b16_mb8_ga2_e10,7e-5,16,checkpoint-78,78,0.4721766651980579,0.050170759244562324,0.03245390734543497,0.18260664294638712,0.0297148244707607,0.6252871775747711,0.5114809791125228,51.5453984813403
lr7e-5_b16_mb8_ga2_e10,7e-5,16,checkpoint-91,91,0.4759284808114171,0.05007249686298364,0.031801178722195796,0.18778390632895758,0.0220923622208589,0.6250938315292622,0.5170634410161181,51.61476798957687
lr7e-5_b32_mb8_ga4_e10,7e-5,32,checkpoint-14,14,0.466433841008693,0.03703633666157764,0.037481182676663914,0.1943746962177444,0.011843449760085422,0.6833527208591846,0.5296891458126219,50.585786950734416
lr7e-5_b32_mb8_ga4_e10,7e-5,32,checkpoint-21,21,0.47227678626775743,0.048813107432297095,0.03252174737344722,0.1826123849718878,0.0297148244707607,0.6625827664372985,0.5427087078797784,50.05395405425405
lr7e-5_b32_mb8_ga4_e10,7e-5,32,checkpoint-28,28,0.4635485992208123,0.04905305298584665,0.03406916573029044,0.15946072536126346,0.016258459276759563,0.6680928902628063,0.5441317911804988,50.400801595436896
lr7e-5_b32_mb8_ga4_e10,7e-5,32,checkpoint-35,35,0.473227985650301,0.049528727873508455,0.03456887512356307,0.16217392679706444,0.0297148244707607,0.6715822616150607,0.5510129207888866,50.373824564456
lr7e-5_b32_mb8_ga4_e10,7e-5,32,checkpoint-42,42,0.47392142470926046,0.049303086562836815,0.03483763073466349,0.1648778829131365,0.03956202584899502,0.6729468807061587,0.5581793798443832,50.30445505621943
lr7e-5_b32_mb8_ga4_e10,7e-5,32,checkpoint-49,49,0.46789082407951355,0.04801574860270473,0.033899303314494915,0.16036538444438858,0.03956202584899502,0.6722641012138562,0.5636166843923772,50.53183288877264
lr7e-5_b32_mb8_ga4_e10,7e-5,32,checkpoint-56,56,0.46681358784437177,0.048018376415405885,0.033366518009646476,0.1580487201415159,0.03956202584899502,0.6723866581275844,0.5638884006774038,50.566517642890915
lr7e-5_b32_mb8_ga4_e10,7e-5,32,checkpoint-60,60,0.46656169489026067,0.047677782699477644,0.033275191932839815,0.1579495192440159,0.0297148244707607,0.6727797487808636,0.5638446164965404,50.574225366028315
lr7e-5_b32_mb8_ga4_e10,7e-5,32,checkpoint-7,7,0.6284887917339802,0.07136551969733494,0.1456228660279885,0.2944193398237462,0.03956202584899502,0.7283349846551126,0.4412875431385367,-26.125327574206057
