split,lr,eff_b,mb,ga,epoch,checkpoint,FQ,MU,EM,ES,F-TR,Ra-TR,R-TR,Rw-TR,path
forget01,1e-4,16,4,4,10,checkpoint-20,0.003018184077228396,0.5244853054002679,0.4509313844144344,0.033710732061978464,0.640064004421433,0.6827077141956797,0.3675371806835308,0.6550962575888292,saves/unlearn/tofu/forget01/Llama-2-7b-chat-hf/NPO/lr1e-4_b16_mb4_ga4_e10/checkpoint-20/evals/TOFU_SUMMARY.json
forget01,1e-4,16,4,4,5,checkpoint-10,0.006760732303569208,0.5147379898784559,0.44791575372219083,0.03712548672679136,0.6660331964889623,0.6399890732093539,0.35758255394823485,0.6000513617807923,saves/unlearn/tofu/forget01/Llama-2-7b-chat-hf/NPO/lr1e-4_b16_mb4_ga4_e5/checkpoint-10/evals/TOFU_SUMMARY.json
forget01,1e-4,32,8,4,10,checkpoint-10,0.01430154804770646,0.5241501902412344,0.5104568488895893,0.03529633736128372,0.7017798613369719,0.5794174558061623,0.36803571064410323,0.5801848433709941,saves/unlearn/tofu/forget01/Llama-2-7b-chat-hf/NPO/lr1e-4_b32_mb8_ga4_e10/checkpoint-10/evals/TOFU_SUMMARY.json
forget01,1e-4,32,8,4,5,checkpoint-5,0.02860307028023343,0.4908843657879618,0.5354286409914494,0.033859208325508136,0.7623722972466218,0.5383616451271209,0.3338030374686094,0.5489262878537977,saves/unlearn/tofu/forget01/Llama-2-7b-chat-hf/NPO/lr1e-4_b32_mb8_ga4_e5/checkpoint-5/evals/TOFU_SUMMARY.json
forget01,1e-4,8,4,2,10,checkpoint-50,0.006760732303569208,0.4894760603684231,0.4112635664641857,0.03667575791016013,0.6668416254740892,0.6041012585163313,0.3267411564115021,0.5737416955372596,saves/unlearn/tofu/forget01/Llama-2-7b-chat-hf/NPO/lr1e-4_b8_mb4_ga2_e10/checkpoint-50/evals/TOFU_SUMMARY.json
forget01,1e-4,8,4,2,5,checkpoint-25,0.003018184077228396,0.5113117241233325,0.39080407060682776,0.034697944057346275,0.6465004040254156,0.6509598472036585,0.3356100665351406,0.604867170052348,saves/unlearn/tofu/forget01/Llama-2-7b-chat-hf/NPO/lr1e-4_b8_mb4_ga2_e5/checkpoint-25/evals/TOFU_SUMMARY.json
forget01,1e-5,16,4,4,10,checkpoint-20,0.01430154804770646,0.6198310287127471,0.8746257513761521,0.18799721386332618,0.5454174001730911,0.6088489452755307,0.45559218932658724,0.5576130654587577,saves/unlearn/tofu/forget01/Llama-2-7b-chat-hf/NPO/lr1e-5_b16_mb4_ga4_e10/checkpoint-20/evals/TOFU_SUMMARY.json
forget01,1e-5,16,4,4,5,checkpoint-10,0.006760732303569208,0.6254260750844844,0.9418409407138825,0.3729825683243785,0.534445315681624,0.6107929397950511,0.45782624640283714,0.5546062926473828,saves/unlearn/tofu/forget01/Llama-2-7b-chat-hf/NPO/lr1e-5_b16_mb4_ga4_e5/checkpoint-10/evals/TOFU_SUMMARY.json
forget01,1e-5,32,8,4,10,checkpoint-10,0.006760732303569208,0.6222907022602606,0.9264200136065484,0.2874077506398307,0.5368203703787813,0.6101997439208181,0.456795537078056,0.5531470103076631,saves/unlearn/tofu/forget01/Llama-2-7b-chat-hf/NPO/lr1e-5_b32_mb8_ga4_e10/checkpoint-10/evals/TOFU_SUMMARY.json
forget01,1e-5,32,8,4,5,checkpoint-5,0.003018184077228396,0.6262489394758571,0.9653487458825112,0.56814501919105,0.5329128742753362,0.6114624363997052,0.4584491628814709,0.5537562643442516,saves/unlearn/tofu/forget01/Llama-2-7b-chat-hf/NPO/lr1e-5_b32_mb8_ga4_e5/checkpoint-5/evals/TOFU_SUMMARY.json
forget01,1e-5,8,4,2,10,checkpoint-50,0.01430154804770646,0.612641204338975,0.8145186439156532,0.11783525914746074,0.5676166146582794,0.6085806458739806,0.45753832416266127,0.5690996595843157,saves/unlearn/tofu/forget01/Llama-2-7b-chat-hf/NPO/lr1e-5_b8_mb4_ga2_e10/checkpoint-50/evals/TOFU_SUMMARY.json
forget01,1e-5,8,4,2,5,checkpoint-25,0.006760732303569208,0.62115255958452,0.8885484844446182,0.2127717367043775,0.5342587885324429,0.6095100465571455,0.4577483734574077,0.5590451539926513,saves/unlearn/tofu/forget01/Llama-2-7b-chat-hf/NPO/lr1e-5_b8_mb4_ga2_e5/checkpoint-25/evals/TOFU_SUMMARY.json
forget01,2e-5,16,4,4,10,checkpoint-20,0.7659314523482239,0.6023676792883983,0.7224485769867897,0.06436966660317613,0.6771330029885609,0.5980531366684502,0.44819100495433856,0.5827237787452668,saves/unlearn/tofu/forget01/Llama-2-7b-chat-hf/NPO/lr2e-5_b16_mb4_ga4_e10/checkpoint-20/evals/TOFU_SUMMARY.json
forget01,2e-5,16,4,4,5,checkpoint-10,0.2656871402817289,0.6045260184728923,0.7878972813487053,0.10753250872943287,0.6256602945699845,0.5946731448078065,0.45248980104614034,0.5625271184734372,saves/unlearn/tofu/forget01/Llama-2-7b-chat-hf/NPO/lr2e-5_b16_mb4_ga4_e5/checkpoint-10/evals/TOFU_SUMMARY.json
forget01,2e-5,32,8,4,10,checkpoint-10,0.09707484379785862,0.6113537817760268,0.7555342927575112,0.06889444873825237,0.6381315461816357,0.6063223039416153,0.45339625891186314,0.567907845969766,saves/unlearn/tofu/forget01/Llama-2-7b-chat-hf/NPO/lr2e-5_b32_mb8_ga4_e10/checkpoint-10/evals/TOFU_SUMMARY.json
forget01,2e-5,32,8,4,5,checkpoint-5,0.02860307028023343,0.6192289015782231,0.8427200630307198,0.14873324229523213,0.5660426608851603,0.6068517909736895,0.45444035411676253,0.554850352049985,saves/unlearn/tofu/forget01/Llama-2-7b-chat-hf/NPO/lr2e-5_b32_mb8_ga4_e5/checkpoint-5/evals/TOFU_SUMMARY.json
forget01,2e-5,8,4,2,10,checkpoint-50,0.404587405685253,0.6165080946578493,0.7444647088646889,0.06833609251590345,0.6749481772930521,0.5988994763606873,0.4457810553007762,0.5620559134318766,saves/unlearn/tofu/forget01/Llama-2-7b-chat-hf/NPO/lr2e-5_b8_mb4_ga2_e10/checkpoint-50/evals/TOFU_SUMMARY.json
forget01,2e-5,8,4,2,5,checkpoint-25,0.2656871402817289,0.5955396489830238,0.7594071507453919,0.09684838504090582,0.6493075231995422,0.5767226061047982,0.45042231590263143,0.5563714807006246,saves/unlearn/tofu/forget01/Llama-2-7b-chat-hf/NPO/lr2e-5_b8_mb4_ga2_e5/checkpoint-25/evals/TOFU_SUMMARY.json
forget01,5e-5,16,4,4,10,checkpoint-20,0.02860307028023343,0.60466897969192,0.5044457383453846,0.0476772088521596,0.6839246344862643,0.6516708100190798,0.41876637781538617,0.5864187747948669,saves/unlearn/tofu/forget01/Llama-2-7b-chat-hf/NPO/lr5e-5_b16_mb4_ga4_e10/checkpoint-20/evals/TOFU_SUMMARY.json
forget01,5e-5,16,4,4,5,checkpoint-10,0.09707484379785862,0.6001446562199914,0.5860617481172085,0.05482051957710513,0.7154695338186913,0.6387267713810039,0.420556647427643,0.5932618086230668,saves/unlearn/tofu/forget01/Llama-2-7b-chat-hf/NPO/lr5e-5_b16_mb4_ga4_e5/checkpoint-10/evals/TOFU_SUMMARY.json
forget01,5e-5,32,8,4,10,checkpoint-10,0.16497269950224194,0.572379994707912,0.6396198004484177,0.03988109646781192,0.7225517584284201,0.5852757927004921,0.409976090077089,0.5547703583272552,saves/unlearn/tofu/forget01/Llama-2-7b-chat-hf/NPO/lr5e-5_b32_mb8_ga4_e10/checkpoint-10/evals/TOFU_SUMMARY.json
forget01,5e-5,32,8,4,5,checkpoint-5,0.9188052214121167,0.5696341820223738,0.65087800770998,0.04055560809696007,0.6939382008857484,0.5780921067118668,0.42593153999267164,0.5527031558025643,saves/unlearn/tofu/forget01/Llama-2-7b-chat-hf/NPO/lr5e-5_b32_mb8_ga4_e5/checkpoint-5/evals/TOFU_SUMMARY.json
forget01,5e-5,8,4,2,10,checkpoint-50,0.16497269950224194,0.5447044952649329,0.5480660319328308,0.05208861811316381,0.676794887264961,0.4770295357318321,0.43668236097695406,0.5051533446025119,saves/unlearn/tofu/forget01/Llama-2-7b-chat-hf/NPO/lr5e-5_b8_mb4_ga2_e10/checkpoint-50/evals/TOFU_SUMMARY.json
forget01,5e-5,8,4,2,5,checkpoint-25,0.09707484379785862,0.5541784502230522,0.5837088733911514,0.047937606259933783,0.6897722353612581,0.5244890615416036,0.41696592766908197,0.5372309130678546,saves/unlearn/tofu/forget01/Llama-2-7b-chat-hf/NPO/lr5e-5_b8_mb4_ga2_e5/checkpoint-25/evals/TOFU_SUMMARY.json
forget05,1e-4,16,4,4,10,checkpoint-120,0.0014264303851701861,0.5106659614478254,0.5133603923022747,0.05165142102163756,0.7027236658329918,0.5249399183894939,0.36187627524163474,0.5555145597119406,saves/unlearn/tofu/forget05/Llama-2-7b-chat-hf/NPO/lr1e-4_b16_mb4_ga4_e10/checkpoint-120/evals/TOFU_SUMMARY.json
forget05,1e-4,16,4,4,5,checkpoint-60,0.0009668691315127085,0.4939301096002836,0.5141677621006966,0.04703817722914496,0.7045811901698774,0.5130809349484867,0.34500516252757374,0.5360538226555125,saves/unlearn/tofu/forget05/Llama-2-7b-chat-hf/NPO/lr1e-4_b16_mb4_ga4_e5/checkpoint-60/evals/TOFU_SUMMARY.json
forget05,1e-4,32,8,4,10,checkpoint-60,0.0004306111484986726,0.5147086049787599,0.48992090474814176,0.04737755256203206,0.6800773640162717,0.5004893610329336,0.37882886006343425,0.5474028513587801,saves/unlearn/tofu/forget05/Llama-2-7b-chat-hf/NPO/lr1e-4_b32_mb8_ga4_e10/checkpoint-60/evals/TOFU_SUMMARY.json
forget05,1e-4,32,8,4,5,checkpoint-30,0.011843449760085422,0.5032524047981938,0.49531859751790763,0.047255679319257726,0.6725321715018566,0.49186205498998353,0.38061968309055955,0.5723527141836319,saves/unlearn/tofu/forget05/Llama-2-7b-chat-hf/NPO/lr1e-4_b32_mb8_ga4_e5/checkpoint-30/evals/TOFU_SUMMARY.json
forget05,1e-4,8,4,2,10,checkpoint-250,0.03956202584899502,0.48850383429875616,0.5029317056015133,0.04825596905682195,0.6978958317496513,0.5320750349791394,0.358882065284297,0.5370057846115683,saves/unlearn/tofu/forget05/Llama-2-7b-chat-hf/NPO/lr1e-4_b8_mb4_ga2_e10/checkpoint-250/evals/TOFU_SUMMARY.json
forget05,1e-4,8,4,2,5,checkpoint-125,0.016258459276759563,0.4820915116675155,0.5090359599888324,0.04834528195382328,0.6934385461855619,0.5203070296201898,0.3364002679270268,0.5293211422198101,saves/unlearn/tofu/forget05/Llama-2-7b-chat-hf/NPO/lr1e-4_b8_mb4_ga2_e5/checkpoint-125/evals/TOFU_SUMMARY.json
forget05,1e-5,16,4,4,10,checkpoint-120,3.0799540915748314e-12,0.564400008011743,0.922865420281887,0.3755429138114739,0.5441611679681209,0.5752050325899658,0.45815802633872005,0.5323021788972943,saves/unlearn/tofu/forget05/Llama-2-7b-chat-hf/NPO/lr1e-5_b16_mb4_ga4_e10/checkpoint-120/evals/TOFU_SUMMARY.json
forget05,1e-5,16,4,4,5,checkpoint-60,2.5656301025789152e-14,0.5835966663274222,0.9650380083918572,0.5956692288860301,0.5338220395688709,0.6054965233681271,0.46046417331261125,0.5404251610826318,saves/unlearn/tofu/forget05/Llama-2-7b-chat-hf/NPO/lr1e-5_b16_mb4_ga4_e5/checkpoint-60/evals/TOFU_SUMMARY.json
forget05,1e-5,32,8,4,10,checkpoint-60,6.5689645859369454e-12,0.5727455287698011,0.9368934804201126,0.40760386102649465,0.5369810063967759,0.6001974220465675,0.4627031266792667,0.5353554261599802,saves/unlearn/tofu/forget05/Llama-2-7b-chat-hf/NPO/lr1e-5_b32_mb8_ga4_e10/checkpoint-60/evals/TOFU_SUMMARY.json
forget05,1e-5,32,8,4,5,checkpoint-30,2.9623487356936016e-13,0.6218764401333533,0.9676439455151558,0.6556941901584707,0.5243978366068333,0.6128300777381367,0.460715937149904,0.551650382041652,saves/unlearn/tofu/forget05/Llama-2-7b-chat-hf/NPO/lr1e-5_b32_mb8_ga4_e5/checkpoint-30/evals/TOFU_SUMMARY.json
forget05,1e-5,8,4,2,10,checkpoint-250,9.594235055800515e-10,0.5695569826294439,0.8961017554998398,0.27482968302248273,0.562338243041172,0.5671938745315803,0.4607716476142379,0.5268698362004408,saves/unlearn/tofu/forget05/Llama-2-7b-chat-hf/NPO/lr1e-5_b8_mb4_ga2_e10/checkpoint-250/evals/TOFU_SUMMARY.json
forget05,1e-5,8,4,2,5,checkpoint-125,6.5689645859369454e-12,0.5607618770696332,0.9444172847270965,0.4553157913635144,0.5456067739698061,0.5848732560447697,0.4569894751482918,0.5303282811330251,saves/unlearn/tofu/forget05/Llama-2-7b-chat-hf/NPO/lr1e-5_b8_mb4_ga2_e5/checkpoint-125/evals/TOFU_SUMMARY.json
forget05,2e-5,16,4,4,10,checkpoint-120,7.536785951251345e-05,0.5859556366982266,0.740828971862793,0.09961304965221662,0.6406181050706699,0.5850254775904628,0.4507894129266522,0.5475729318783934,saves/unlearn/tofu/forget05/Llama-2-7b-chat-hf/NPO/lr2e-5_b16_mb4_ga4_e10/checkpoint-120/evals/TOFU_SUMMARY.json
forget05,2e-5,16,4,4,5,checkpoint-60,1.8694649189611297e-09,0.5456789295117238,0.8335577812790871,0.17611381508757185,0.6103899685258968,0.586683491643264,0.43379408755954174,0.5408963980495615,saves/unlearn/tofu/forget05/Llama-2-7b-chat-hf/NPO/lr2e-5_b16_mb4_ga4_e5/checkpoint-60/evals/TOFU_SUMMARY.json
forget05,2e-5,32,8,4,10,checkpoint-60,4.7487878961137165e-05,0.5680421632140533,0.7870208507776261,0.1394774794847566,0.6327511149824455,0.5847961134695158,0.45490414474405044,0.530254608168004,saves/unlearn/tofu/forget05/Llama-2-7b-chat-hf/NPO/lr2e-5_b32_mb8_ga4_e10/checkpoint-60/evals/TOFU_SUMMARY.json
forget05,2e-5,32,8,4,5,checkpoint-30,3.602472544567432e-09,0.5525529274656482,0.8706048837304116,0.23654080977290065,0.5926199581772675,0.6016884797900729,0.4424095666115849,0.5373566294057993,saves/unlearn/tofu/forget05/Llama-2-7b-chat-hf/NPO/lr2e-5_b32_mb8_ga4_e5/checkpoint-30/evals/TOFU_SUMMARY.json
forget05,2e-5,8,4,2,10,checkpoint-250,0.32811544409418575,0.6419905937415639,0.6607823978364468,0.06832420914379235,0.6461304794527729,0.6604118547669563,0.4686459226056288,0.572245172604985,saves/unlearn/tofu/forget05/Llama-2-7b-chat-hf/NPO/lr2e-5_b8_mb4_ga2_e10/checkpoint-250/evals/TOFU_SUMMARY.json
forget05,2e-5,8,4,2,5,checkpoint-125,0.0009668691315127085,0.5867922197156238,0.7222260110080242,0.08875650900265449,0.6552897002854603,0.6063127962416803,0.4536053975181544,0.5486946199498781,saves/unlearn/tofu/forget05/Llama-2-7b-chat-hf/NPO/lr2e-5_b8_mb4_ga2_e5/checkpoint-125/evals/TOFU_SUMMARY.json
forget05,5e-5,16,4,4,10,checkpoint-120,0.016258459276759563,0.5657431798607582,0.5057407448813319,0.053094359390703075,0.6576558155741159,0.5764513878226802,0.42798014030703896,0.538112709737684,saves/unlearn/tofu/forget05/Llama-2-7b-chat-hf/NPO/lr5e-5_b16_mb4_ga4_e10/checkpoint-120/evals/TOFU_SUMMARY.json
forget05,5e-5,16,4,4,5,checkpoint-60,0.0220923622208589,0.5781661517505732,0.5347294649668037,0.05800360147832304,0.6677534235657089,0.606605715329264,0.4277622227737409,0.5807856529288925,saves/unlearn/tofu/forget05/Llama-2-7b-chat-hf/NPO/lr5e-5_b16_mb4_ga4_e5/checkpoint-60/evals/TOFU_SUMMARY.json
forget05,5e-5,32,8,4,10,checkpoint-60,0.1420746514551761,0.5803606261855307,0.532822253704071,0.05439111520185264,0.6848757294491822,0.5547216504548708,0.44614266434515615,0.5710674573473277,saves/unlearn/tofu/forget05/Llama-2-7b-chat-hf/NPO/lr5e-5_b32_mb8_ga4_e10/checkpoint-60/evals/TOFU_SUMMARY.json
forget05,5e-5,32,8,4,5,checkpoint-30,0.6284308022715471,0.5515710847479998,0.5859133243560791,0.06159547935567423,0.7056037571703111,0.5618643189150665,0.42585339310994313,0.5871071930106411,saves/unlearn/tofu/forget05/Llama-2-7b-chat-hf/NPO/lr5e-5_b32_mb8_ga4_e5/checkpoint-30/evals/TOFU_SUMMARY.json
forget05,5e-5,8,4,2,10,checkpoint-250,0.03956202584899502,0.5555130163511411,0.4672475448437035,0.04946905613490388,0.6882665197909175,0.5230560696973735,0.4277769676994122,0.518331770985834,saves/unlearn/tofu/forget05/Llama-2-7b-chat-hf/NPO/lr5e-5_b8_mb4_ga2_e10/checkpoint-250/evals/TOFU_SUMMARY.json
forget05,5e-5,8,4,2,5,checkpoint-125,0.1420746514551761,0.5495658813400438,0.47436468079686167,0.051757648243585315,0.680778192279674,0.5440807219209117,0.4251677306504873,0.5472210939909379,saves/unlearn/tofu/forget05/Llama-2-7b-chat-hf/NPO/lr5e-5_b8_mb4_ga2_e5/checkpoint-125/evals/TOFU_SUMMARY.json
forget10,1e-5,8,4,2,5,checkpoint-250,1.02724452984523e-14,0.5266360673455128,0.8879922120273114,0.252293227503161,0.6213848714116884,0.5773677453943306,0.3912951146172744,0.5319121676877946,saves/unlearn/tofu/forget10/Llama-2-7b-chat-hf/NPO/lr1e-5_b8_mb4_ga2_e5/checkpoint-250/evals/TOFU_SUMMARY.json
