split,lr,eff_b,mb,ga,epoch,checkpoint,FQ,MU,EM,ES,F-TR,Ra-TR,R-TR,Rw-TR,path
forget01,1e-4,16,4,4,10,checkpoint-12,0.0012708143485281624,0.5107795104456102,0.44487265050411223,0.03293558920023069,0.6527741531101283,0.6625415355426718,0.3623302178020137,0.6347973875708144,saves/unlearn/tofu/forget01/Llama-2-7b-chat-hf/NPO/lr1e-4_b16_mb4_ga4_e10/checkpoint-12/evals/TOFU_SUMMARY.json
forget01,1e-4,16,4,4,10,checkpoint-15,0.003018184077228396,0.5103668780143811,0.4475774891674519,0.03361126487590636,0.6589087753315528,0.6563125099469409,0.36614938211658665,0.6278989491080106,saves/unlearn/tofu/forget01/Llama-2-7b-chat-hf/NPO/lr1e-4_b16_mb4_ga4_e10/checkpoint-15/evals/TOFU_SUMMARY.json
forget01,1e-4,16,4,4,10,checkpoint-18,0.003018184077228396,0.5125347589133508,0.45085966512560843,0.03405769344733493,0.659321113802873,0.6489282053709746,0.36672162674503594,0.6231530138154623,saves/unlearn/tofu/forget01/Llama-2-7b-chat-hf/NPO/lr1e-4_b16_mb4_ga4_e10/checkpoint-18/evals/TOFU_SUMMARY.json
forget01,1e-4,16,4,4,10,checkpoint-20,0.003018184077228396,0.5129511562224193,0.45012332648038866,0.034578526780668264,0.659241509388834,0.646851604973315,0.36666981462726894,0.622024479995577,saves/unlearn/tofu/forget01/Llama-2-7b-chat-hf/NPO/lr1e-4_b16_mb4_ga4_e10/checkpoint-20/evals/TOFU_SUMMARY.json
forget01,1e-4,16,4,4,10,checkpoint-3,0.404587405685253,0.4449443566071074,0.47373111695051195,0.05120522993570866,0.722849915791819,0.5116427141527791,0.39108192102181955,0.5379428565009288,saves/unlearn/tofu/forget01/Llama-2-7b-chat-hf/NPO/lr1e-4_b16_mb4_ga4_e10/checkpoint-3/evals/TOFU_SUMMARY.json
forget01,1e-4,16,4,4,10,checkpoint-6,0.006760732303569208,0.498667364624,0.4546951465308666,0.03292437815068278,0.6630033579134096,0.6295160093809523,0.33820218414981373,0.6079471190599405,saves/unlearn/tofu/forget01/Llama-2-7b-chat-hf/NPO/lr1e-4_b16_mb4_ga4_e10/checkpoint-6/evals/TOFU_SUMMARY.json
forget01,1e-4,16,4,4,10,checkpoint-9,0.003018184077228396,0.5080199004716021,0.4433679886162281,0.033755261331378225,0.6446669683328468,0.6659629212111365,0.36078756195051304,0.6377957403702145,saves/unlearn/tofu/forget01/Llama-2-7b-chat-hf/NPO/lr1e-4_b16_mb4_ga4_e10/checkpoint-9/evals/TOFU_SUMMARY.json
forget01,1e-4,32,8,4,10,checkpoint-10,0.01430154804770646,0.5253201413830012,0.48974052146077157,0.0328966652973362,0.6869435942559582,0.5985895521781851,0.3838258917359235,0.5841860401973961,saves/unlearn/tofu/forget01/Llama-2-7b-chat-hf/NPO/lr1e-4_b32_mb8_ga4_e10/checkpoint-10/evals/TOFU_SUMMARY.json
forget01,1e-4,32,8,4,10,checkpoint-2,0.7659314523482239,0.49976352921626976,0.6189182482659816,0.06777639343626743,0.7304275195251227,0.5252067336749908,0.3640879473774058,0.5455310288071514,saves/unlearn/tofu/forget01/Llama-2-7b-chat-hf/NPO/lr1e-4_b32_mb8_ga4_e10/checkpoint-2/evals/TOFU_SUMMARY.json
forget01,1e-4,32,8,4,10,checkpoint-4,0.01430154804770646,0.46990537994450937,0.5103052377700805,0.03262544209174191,0.7510544356338716,0.5146881273993459,0.3454837827606255,0.5342017651493741,saves/unlearn/tofu/forget01/Llama-2-7b-chat-hf/NPO/lr1e-4_b32_mb8_ga4_e10/checkpoint-4/evals/TOFU_SUMMARY.json
forget01,1e-4,32,8,4,10,checkpoint-6,0.01430154804770646,0.5071672089646847,0.5003942921757698,0.033307735537575524,0.7021603098866767,0.5542345417464245,0.37671624309712576,0.5549903711728934,saves/unlearn/tofu/forget01/Llama-2-7b-chat-hf/NPO/lr1e-4_b32_mb8_ga4_e10/checkpoint-6/evals/TOFU_SUMMARY.json
forget01,1e-4,32,8,4,10,checkpoint-8,0.01430154804770646,0.5246136875802986,0.490662282705307,0.033386861375767574,0.6875582737157145,0.5926701386026787,0.3824053276315321,0.5793906545438017,saves/unlearn/tofu/forget01/Llama-2-7b-chat-hf/NPO/lr1e-4_b32_mb8_ga4_e10/checkpoint-8/evals/TOFU_SUMMARY.json
forget01,1e-4,8,4,2,10,checkpoint-10,0.01430154804770646,0.5023993449231062,0.37385649532079696,0.03491474257755475,0.6426545359171779,0.6640346210429159,0.3381294701393205,0.631734687095238,saves/unlearn/tofu/forget01/Llama-2-7b-chat-hf/NPO/lr1e-4_b8_mb4_ga2_e10/checkpoint-10/evals/TOFU_SUMMARY.json
forget01,1e-4,8,4,2,10,checkpoint-15,0.006760732303569208,0.4673819719501262,0.394112566113472,0.034673070999998404,0.6727168758173917,0.6246599060520379,0.2915793853142922,0.5855451202126034,saves/unlearn/tofu/forget01/Llama-2-7b-chat-hf/NPO/lr1e-4_b8_mb4_ga2_e10/checkpoint-15/evals/TOFU_SUMMARY.json
forget01,1e-4,8,4,2,10,checkpoint-20,0.01430154804770646,0.46500838426728897,0.41929994374513624,0.03650241732419438,0.6941269619573633,0.5968581262382802,0.3024897492519409,0.5548063203796523,saves/unlearn/tofu/forget01/Llama-2-7b-chat-hf/NPO/lr1e-4_b8_mb4_ga2_e10/checkpoint-20/evals/TOFU_SUMMARY.json
forget01,1e-4,8,4,2,10,checkpoint-25,0.01430154804770646,0.4777004143634693,0.4104699160903692,0.03553420143263682,0.6780555815546775,0.5839605492244015,0.33065394589116637,0.5540153592979904,saves/unlearn/tofu/forget01/Llama-2-7b-chat-hf/NPO/lr1e-4_b8_mb4_ga2_e10/checkpoint-25/evals/TOFU_SUMMARY.json
forget01,1e-4,8,4,2,10,checkpoint-30,0.02860307028023343,0.474987068473332,0.40433882884681227,0.03277052651822661,0.6715299440395793,0.562813283408664,0.3310232415873673,0.5442176171087029,saves/unlearn/tofu/forget01/Llama-2-7b-chat-hf/NPO/lr1e-4_b8_mb4_ga2_e10/checkpoint-30/evals/TOFU_SUMMARY.json
forget01,1e-4,8,4,2,10,checkpoint-35,0.02860307028023343,0.4735532208515117,0.4262451484799385,0.03832334634592127,0.6698414075037471,0.5516144331369763,0.32760263527818606,0.5332625103850365,saves/unlearn/tofu/forget01/Llama-2-7b-chat-hf/NPO/lr1e-4_b8_mb4_ga2_e10/checkpoint-35/evals/TOFU_SUMMARY.json
forget01,1e-4,8,4,2,10,checkpoint-40,0.01430154804770646,0.4729652301295103,0.4282573118805885,0.0378769177744927,0.6683958536166447,0.5416240419281678,0.32986217488686576,0.52838545391432,saves/unlearn/tofu/forget01/Llama-2-7b-chat-hf/NPO/lr1e-4_b8_mb4_ga2_e10/checkpoint-40/evals/TOFU_SUMMARY.json
forget01,1e-4,8,4,2,10,checkpoint-45,0.01430154804770646,0.47431912345191646,0.4275858163833618,0.03738672169606133,0.6667189779029128,0.5372146496958828,0.33338980460248957,0.5261182787440157,saves/unlearn/tofu/forget01/Llama-2-7b-chat-hf/NPO/lr1e-4_b8_mb4_ga2_e10/checkpoint-45/evals/TOFU_SUMMARY.json
forget01,1e-4,8,4,2,10,checkpoint-5,0.16497269950224194,0.5295195859354848,0.5476412631571292,0.03432575846112849,0.7520987100323232,0.5959955397946777,0.4213388510306341,0.5665033411595515,saves/unlearn/tofu/forget01/Llama-2-7b-chat-hf/NPO/lr1e-4_b8_mb4_ga2_e10/checkpoint-5/evals/TOFU_SUMMARY.json
forget01,1e-4,8,4,2,10,checkpoint-50,0.01430154804770646,0.4747405994418985,0.42851863577961924,0.03738672169606133,0.667656687499724,0.5355088545549145,0.3337846171062841,0.5268887915013031,saves/unlearn/tofu/forget01/Llama-2-7b-chat-hf/NPO/lr1e-4_b8_mb4_ga2_e10/checkpoint-50/evals/TOFU_SUMMARY.json
forget01,1e-5,16,4,4,10,checkpoint-12,0.01430154804770646,0.6216511019912416,0.8924107357859612,0.2027116979656352,0.5439880992561326,0.6095587984497602,0.4558036376359194,0.5593340555269556,saves/unlearn/tofu/forget01/Llama-2-7b-chat-hf/NPO/lr1e-5_b16_mb4_ga4_e10/checkpoint-12/evals/TOFU_SUMMARY.json
forget01,1e-5,16,4,4,10,checkpoint-15,0.01430154804770646,0.6203523321937275,0.8782044053077698,0.1904972138633262,0.5429291823966814,0.6095055126528015,0.45570839151912124,0.5581211622420739,saves/unlearn/tofu/forget01/Llama-2-7b-chat-hf/NPO/lr1e-5_b16_mb4_ga4_e10/checkpoint-15/evals/TOFU_SUMMARY.json
forget01,1e-5,16,4,4,10,checkpoint-18,0.01430154804770646,0.6206164957203855,0.8757050141692162,0.18799721386332618,0.5439800714827056,0.608698572247531,0.4555344924229482,0.5577612917192815,saves/unlearn/tofu/forget01/Llama-2-7b-chat-hf/NPO/lr1e-5_b16_mb4_ga4_e10/checkpoint-18/evals/TOFU_SUMMARY.json
forget01,1e-5,16,4,4,10,checkpoint-20,0.01430154804770646,0.6197385120465871,0.874798233807087,0.18799721386332618,0.5438167873661539,0.6071333251052056,0.45549383924992454,0.558038362705623,saves/unlearn/tofu/forget01/Llama-2-7b-chat-hf/NPO/lr1e-5_b16_mb4_ga4_e10/checkpoint-20/evals/TOFU_SUMMARY.json
forget01,1e-5,16,4,4,10,checkpoint-3,0.003018184077228396,0.6273091503541613,0.9806358814239502,0.7470216316954696,0.5311740430487955,0.6123502294622755,0.459210136652067,0.5525753101069238,saves/unlearn/tofu/forget01/Llama-2-7b-chat-hf/NPO/lr1e-5_b16_mb4_ga4_e10/checkpoint-3/evals/TOFU_SUMMARY.json
forget01,1e-5,16,4,4,10,checkpoint-6,0.003018184077228396,0.6256589108857457,0.9414073035120964,0.3724923722459471,0.5350248620247967,0.6116818205454243,0.4578045027257045,0.5553152699075348,saves/unlearn/tofu/forget01/Llama-2-7b-chat-hf/NPO/lr1e-5_b16_mb4_ga4_e10/checkpoint-6/evals/TOFU_SUMMARY.json
forget01,1e-5,16,4,4,10,checkpoint-9,0.006760732303569208,0.6233274707669462,0.910761621594429,0.24243747109537267,0.5402089914827588,0.6112333474741409,0.4566329129360578,0.5555069995668837,saves/unlearn/tofu/forget01/Llama-2-7b-chat-hf/NPO/lr1e-5_b16_mb4_ga4_e10/checkpoint-9/evals/TOFU_SUMMARY.json
forget01,1e-5,32,8,4,10,checkpoint-10,0.006760732303569208,0.623041513966938,0.9256260186433792,0.2850821692444819,0.5377122310878366,0.6105631908166405,0.4573527635926738,0.5559107630866401,saves/unlearn/tofu/forget01/Llama-2-7b-chat-hf/NPO/lr1e-5_b32_mb8_ga4_e10/checkpoint-10/evals/TOFU_SUMMARY.json
forget01,1e-5,32,8,4,10,checkpoint-2,0.003018184077228396,0.6255103766122531,0.9844205573201179,0.7882083089520047,0.5312305382165692,0.611629035299422,0.45862031337787784,0.552116465621584,saves/unlearn/tofu/forget01/Llama-2-7b-chat-hf/NPO/lr1e-5_b32_mb8_ga4_e10/checkpoint-2/evals/TOFU_SUMMARY.json
forget01,1e-5,32,8,4,10,checkpoint-4,0.003018184077228396,0.6258600008484416,0.954597356915474,0.4959317130854421,0.533773702424979,0.6118242455370174,0.45811271534693687,0.555143196976161,saves/unlearn/tofu/forget01/Llama-2-7b-chat-hf/NPO/lr1e-5_b32_mb8_ga4_e10/checkpoint-4/evals/TOFU_SUMMARY.json
forget01,1e-5,32,8,4,10,checkpoint-6,0.006760732303569208,0.6243232628311953,0.9390252619981766,0.34566485731025004,0.5362933384673694,0.6104622296782379,0.45755824867889344,0.5552013038672794,saves/unlearn/tofu/forget01/Llama-2-7b-chat-hf/NPO/lr1e-5_b32_mb8_ga4_e10/checkpoint-6/evals/TOFU_SUMMARY.json
forget01,1e-5,32,8,4,10,checkpoint-8,0.006760732303569208,0.6229012627834702,0.9286014452576637,0.295741083973164,0.5376317425868791,0.6097986772593742,0.4571805413269187,0.5540564192270618,saves/unlearn/tofu/forget01/Llama-2-7b-chat-hf/NPO/lr1e-5_b32_mb8_ga4_e10/checkpoint-8/evals/TOFU_SUMMARY.json
forget01,1e-5,8,4,2,10,checkpoint-10,0.003018184077228396,0.6253718325377953,0.9370157524943352,0.3441364971589684,0.5344737202971033,0.6115909303775581,0.45815201703555275,0.5541782483843244,saves/unlearn/tofu/forget01/Llama-2-7b-chat-hf/NPO/lr1e-5_b8_mb4_ga2_e10/checkpoint-10/evals/TOFU_SUMMARY.json
forget01,1e-5,8,4,2,10,checkpoint-15,0.006760732303569208,0.6208504466567325,0.8861199542880058,0.2183024906726315,0.5387041069097555,0.6098402331705707,0.4569163344823568,0.5603925050445581,saves/unlearn/tofu/forget01/Llama-2-7b-chat-hf/NPO/lr1e-5_b8_mb4_ga2_e10/checkpoint-15/evals/TOFU_SUMMARY.json
forget01,1e-5,8,4,2,10,checkpoint-20,0.01430154804770646,0.6159796738737996,0.8553610250353814,0.1747260966102784,0.5432922161141196,0.6066079546997487,0.4579763764004759,0.5627528115381545,saves/unlearn/tofu/forget01/Llama-2-7b-chat-hf/NPO/lr1e-5_b8_mb4_ga2_e10/checkpoint-20/evals/TOFU_SUMMARY.json
forget01,1e-5,8,4,2,10,checkpoint-25,0.006760732303569208,0.6121466814074819,0.8321650967001915,0.1623309151334323,0.5553475772778311,0.6061841478514499,0.4588063818378233,0.5657029279847355,saves/unlearn/tofu/forget01/Llama-2-7b-chat-hf/NPO/lr1e-5_b8_mb4_ga2_e10/checkpoint-25/evals/TOFU_SUMMARY.json
forget01,1e-5,8,4,2,10,checkpoint-30,0.01430154804770646,0.6110070869108363,0.8271856710314751,0.15586032689813822,0.5642904909566346,0.6059436058460538,0.4583208914926768,0.5652418634131955,saves/unlearn/tofu/forget01/Llama-2-7b-chat-hf/NPO/lr1e-5_b8_mb4_ga2_e10/checkpoint-30/evals/TOFU_SUMMARY.json
forget01,1e-5,8,4,2,10,checkpoint-35,0.01430154804770646,0.611391186981836,0.8214544266462326,0.1317241480363496,0.5648166373331556,0.6059590196169281,0.45812875401206765,0.5676115089064026,saves/unlearn/tofu/forget01/Llama-2-7b-chat-hf/NPO/lr1e-5_b8_mb4_ga2_e10/checkpoint-35/evals/TOFU_SUMMARY.json
forget01,1e-5,8,4,2,10,checkpoint-40,0.006760732303569208,0.6120791917981221,0.8230448320508004,0.1317241480363496,0.567190169807273,0.6074973504439067,0.4567903367980605,0.5666143770621553,saves/unlearn/tofu/forget01/Llama-2-7b-chat-hf/NPO/lr1e-5_b8_mb4_ga2_e10/checkpoint-40/evals/TOFU_SUMMARY.json
forget01,1e-5,8,4,2,10,checkpoint-45,0.006760732303569208,0.6122876662332711,0.8194381043314933,0.1317241480363496,0.5660840449410373,0.6078364264332512,0.4568522997467093,0.5663804067828663,saves/unlearn/tofu/forget01/Llama-2-7b-chat-hf/NPO/lr1e-5_b8_mb4_ga2_e10/checkpoint-45/evals/TOFU_SUMMARY.json
forget01,1e-5,8,4,2,10,checkpoint-5,0.003018184077228396,0.627698775954663,0.9886560395359993,0.863547823844495,0.5332232377885195,0.6115839624117231,0.4594603357887572,0.5531773178645683,saves/unlearn/tofu/forget01/Llama-2-7b-chat-hf/NPO/lr1e-5_b8_mb4_ga2_e10/checkpoint-5/evals/TOFU_SUMMARY.json
forget01,1e-5,8,4,2,10,checkpoint-50,0.01430154804770646,0.6118070809326784,0.8200354382395745,0.1317241480363496,0.5664352230115824,0.6067104264864693,0.45634093599108644,0.5656475252787941,saves/unlearn/tofu/forget01/Llama-2-7b-chat-hf/NPO/lr1e-5_b8_mb4_ga2_e10/checkpoint-50/evals/TOFU_SUMMARY.json
forget01,2e-5,16,4,4,10,checkpoint-12,0.5786001416508443,0.5943137296289805,0.725471705198288,0.06436966660317613,0.6775157756161514,0.5989552994165108,0.44810564213801035,0.5805890572555199,saves/unlearn/tofu/forget01/Llama-2-7b-chat-hf/NPO/lr2e-5_b16_mb4_ga4_e10/checkpoint-12/evals/TOFU_SUMMARY.json
forget01,2e-5,16,4,4,10,checkpoint-15,0.404587405685253,0.5973763417856328,0.7261130660772324,0.06436966660317613,0.6785606271702964,0.5992944669016712,0.44835590661628033,0.5835037078464026,saves/unlearn/tofu/forget01/Llama-2-7b-chat-hf/NPO/lr2e-5_b16_mb4_ga4_e10/checkpoint-15/evals/TOFU_SUMMARY.json
forget01,2e-5,16,4,4,10,checkpoint-18,0.5786001416508443,0.6006485585359898,0.7262143790721893,0.06436966660317613,0.6774814179144476,0.599728255752424,0.4471617579835002,0.5822753166801852,saves/unlearn/tofu/forget01/Llama-2-7b-chat-hf/NPO/lr2e-5_b16_mb4_ga4_e10/checkpoint-18/evals/TOFU_SUMMARY.json
forget01,2e-5,16,4,4,10,checkpoint-20,0.7659314523482239,0.6018410143663071,0.7268455013632774,0.0634437406772502,0.6764739631957282,0.5998793065210415,0.4478375418583865,0.5827169393146403,saves/unlearn/tofu/forget01/Llama-2-7b-chat-hf/NPO/lr2e-5_b16_mb4_ga4_e10/checkpoint-20/evals/TOFU_SUMMARY.json
forget01,2e-5,16,4,4,10,checkpoint-3,0.01430154804770646,0.6236472239140024,0.9198606386780739,0.30585570653064426,0.5498888646307727,0.6070177101718699,0.4560581899696768,0.5534279121182494,saves/unlearn/tofu/forget01/Llama-2-7b-chat-hf/NPO/lr2e-5_b16_mb4_ga4_e10/checkpoint-3/evals/TOFU_SUMMARY.json
forget01,2e-5,16,4,4,10,checkpoint-6,0.2656871402817289,0.601041983448025,0.7885058134794235,0.11163653923052219,0.6325483569019822,0.5920056673769232,0.45098437842954214,0.5629475613619975,saves/unlearn/tofu/forget01/Llama-2-7b-chat-hf/NPO/lr2e-5_b16_mb4_ga4_e10/checkpoint-6/evals/TOFU_SUMMARY.json
forget01,2e-5,16,4,4,10,checkpoint-9,0.404587405685253,0.5906961071266922,0.7446436807513237,0.06562579405415651,0.6706543349556024,0.5942069615223892,0.44890218429873074,0.5730397777175691,saves/unlearn/tofu/forget01/Llama-2-7b-chat-hf/NPO/lr2e-5_b16_mb4_ga4_e10/checkpoint-9/evals/TOFU_SUMMARY.json
forget01,2e-5,32,8,4,10,checkpoint-10,0.09707484379785862,0.6116536827750436,0.7547699987888337,0.07036503697354649,0.6380619441954797,0.6075178342006178,0.45285111234824854,0.5674940933901744,saves/unlearn/tofu/forget01/Llama-2-7b-chat-hf/NPO/lr2e-5_b32_mb8_ga4_e10/checkpoint-10/evals/TOFU_SUMMARY.json
forget01,2e-5,32,8,4,10,checkpoint-2,0.006760732303569208,0.6243160222633467,0.9258785411715508,0.33702258880804803,0.5412594441392803,0.6072475935080344,0.45587233560062984,0.5521142145254668,saves/unlearn/tofu/forget01/Llama-2-7b-chat-hf/NPO/lr2e-5_b32_mb8_ga4_e10/checkpoint-2/evals/TOFU_SUMMARY.json
forget01,2e-5,32,8,4,10,checkpoint-4,0.054141077480362725,0.6182008433385576,0.8067097902297974,0.12810758987436696,0.5903581449929749,0.6059756883332973,0.4526467519730316,0.5605233174309382,saves/unlearn/tofu/forget01/Llama-2-7b-chat-hf/NPO/lr2e-5_b32_mb8_ga4_e10/checkpoint-4/evals/TOFU_SUMMARY.json
forget01,2e-5,32,8,4,10,checkpoint-6,0.054141077480362725,0.6118396107429378,0.7648146659135818,0.07036503697354649,0.6254556616273031,0.607356172873066,0.453237624474541,0.5660235735207074,saves/unlearn/tofu/forget01/Llama-2-7b-chat-hf/NPO/lr2e-5_b32_mb8_ga4_e10/checkpoint-6/evals/TOFU_SUMMARY.json
forget01,2e-5,32,8,4,10,checkpoint-8,0.054141077480362725,0.6123948720905722,0.7562307834625244,0.07036503697354649,0.6365664131108707,0.6090383389975156,0.45362965808453054,0.5687642751527436,saves/unlearn/tofu/forget01/Llama-2-7b-chat-hf/NPO/lr2e-5_b32_mb8_ga4_e10/checkpoint-8/evals/TOFU_SUMMARY.json
forget01,2e-5,8,4,2,10,checkpoint-10,0.09707484379785862,0.5892587691525739,0.7848644584417344,0.14495741523835065,0.6150198528455021,0.5776322770562669,0.45710721561211143,0.5505881267372075,saves/unlearn/tofu/forget01/Llama-2-7b-chat-hf/NPO/lr2e-5_b8_mb4_ga2_e10/checkpoint-10/evals/TOFU_SUMMARY.json
forget01,2e-5,8,4,2,10,checkpoint-15,0.2656871402817289,0.5862808493580732,0.7391006425023079,0.09445949615201693,0.659601304913836,0.57334243888691,0.4490375801309967,0.557750990298914,saves/unlearn/tofu/forget01/Llama-2-7b-chat-hf/NPO/lr2e-5_b8_mb4_ga2_e10/checkpoint-15/evals/TOFU_SUMMARY.json
forget01,2e-5,8,4,2,10,checkpoint-20,0.404587405685253,0.5957654143339022,0.7363309264183044,0.09329528046574243,0.6790481175073074,0.580529597491822,0.4457471328466019,0.5621854094578175,saves/unlearn/tofu/forget01/Llama-2-7b-chat-hf/NPO/lr2e-5_b8_mb4_ga2_e10/checkpoint-20/evals/TOFU_SUMMARY.json
forget01,2e-5,8,4,2,10,checkpoint-25,0.404587405685253,0.6086918653267955,0.7401640877127648,0.07320486530253892,0.6738574147843781,0.5930311889798963,0.44680519632988835,0.5633939056204637,saves/unlearn/tofu/forget01/Llama-2-7b-chat-hf/NPO/lr2e-5_b8_mb4_ga2_e10/checkpoint-25/evals/TOFU_SUMMARY.json
forget01,2e-5,8,4,2,10,checkpoint-30,0.404587405685253,0.6157758301153503,0.7437711074948311,0.07639635466424104,0.671966109184942,0.6013881132748518,0.4439594011925121,0.5664169684629194,saves/unlearn/tofu/forget01/Llama-2-7b-chat-hf/NPO/lr2e-5_b8_mb4_ga2_e10/checkpoint-30/evals/TOFU_SUMMARY.json
forget01,2e-5,8,4,2,10,checkpoint-35,0.404587405685253,0.6189487983933633,0.7478167846798897,0.07639635466424104,0.6698978762855502,0.607224661110022,0.443960310713279,0.5649151140111345,saves/unlearn/tofu/forget01/Llama-2-7b-chat-hf/NPO/lr2e-5_b8_mb4_ga2_e10/checkpoint-35/evals/TOFU_SUMMARY.json
forget01,2e-5,8,4,2,10,checkpoint-40,0.5786001416508443,0.6218648445885159,0.7474522799253464,0.07639635466424104,0.6703205750710409,0.6108422884772292,0.4444857304729398,0.5655254489299125,saves/unlearn/tofu/forget01/Llama-2-7b-chat-hf/NPO/lr2e-5_b8_mb4_ga2_e10/checkpoint-40/evals/TOFU_SUMMARY.json
forget01,2e-5,8,4,2,10,checkpoint-45,0.404587405685253,0.622506596985357,0.7462043538689613,0.06963306964008645,0.6710648238356959,0.6104682699639412,0.4443117259265491,0.5667758876378903,saves/unlearn/tofu/forget01/Llama-2-7b-chat-hf/NPO/lr2e-5_b8_mb4_ga2_e10/checkpoint-45/evals/TOFU_SUMMARY.json
forget01,2e-5,8,4,2,10,checkpoint-5,0.003018184077228396,0.6256365157303633,0.9455573588609696,0.44148483294718444,0.5410739604889426,0.6086885788049546,0.45827066204555045,0.5523839059309534,saves/unlearn/tofu/forget01/Llama-2-7b-chat-hf/NPO/lr2e-5_b8_mb4_ga2_e10/checkpoint-5/evals/TOFU_SUMMARY.json
forget01,2e-5,8,4,2,10,checkpoint-50,0.5786001416508443,0.6218556825176234,0.746151226758957,0.06824418075119756,0.6718789504794136,0.6104388430085215,0.44470472088173857,0.5634464229626295,saves/unlearn/tofu/forget01/Llama-2-7b-chat-hf/NPO/lr2e-5_b8_mb4_ga2_e10/checkpoint-50/evals/TOFU_SUMMARY.json
forget01,5e-5,16,4,4,10,checkpoint-12,0.02860307028023343,0.5926292374494837,0.509148258715868,0.04876416537389873,0.6696920992747893,0.6356049529398223,0.41701640595128936,0.5857404711236522,saves/unlearn/tofu/forget01/Llama-2-7b-chat-hf/NPO/lr5e-5_b16_mb4_ga4_e10/checkpoint-12/evals/TOFU_SUMMARY.json
forget01,5e-5,16,4,4,10,checkpoint-15,0.01430154804770646,0.5956258053789832,0.5059327490627765,0.04827396929546736,0.667466363509315,0.6276468517911892,0.4194272020933656,0.5816496969345031,saves/unlearn/tofu/forget01/Llama-2-7b-chat-hf/NPO/lr5e-5_b16_mb4_ga4_e10/checkpoint-15/evals/TOFU_SUMMARY.json
forget01,5e-5,16,4,4,10,checkpoint-18,0.02860307028023343,0.5972799974703776,0.5039640203118324,0.04827396929546736,0.6676132716866852,0.6240138780968306,0.42185510326167064,0.581519403284272,saves/unlearn/tofu/forget01/Llama-2-7b-chat-hf/NPO/lr5e-5_b16_mb4_ga4_e10/checkpoint-18/evals/TOFU_SUMMARY.json
forget01,5e-5,16,4,4,10,checkpoint-20,0.01430154804770646,0.5966013505937175,0.5037146843969822,0.04827396929546736,0.6665514555599671,0.6258669477699482,0.4221068337219947,0.5797587210688345,saves/unlearn/tofu/forget01/Llama-2-7b-chat-hf/NPO/lr5e-5_b16_mb4_ga4_e10/checkpoint-20/evals/TOFU_SUMMARY.json
forget01,5e-5,16,4,4,10,checkpoint-3,0.9188052214121167,0.5696362550190064,0.7034208446741104,0.07866594490640827,0.699183134899237,0.5861770709059142,0.4391605236754545,0.577622135075135,saves/unlearn/tofu/forget01/Llama-2-7b-chat-hf/NPO/lr5e-5_b16_mb4_ga4_e10/checkpoint-3/evals/TOFU_SUMMARY.json
forget01,5e-5,16,4,4,10,checkpoint-6,0.16497269950224194,0.5806591111556069,0.5592289298772812,0.05182768113635543,0.7023843008963986,0.6006891456988523,0.42506834679595357,0.5772155206025882,saves/unlearn/tofu/forget01/Llama-2-7b-chat-hf/NPO/lr5e-5_b16_mb4_ga4_e10/checkpoint-6/evals/TOFU_SUMMARY.json
forget01,5e-5,16,4,4,10,checkpoint-9,0.054141077480362725,0.5882460697709723,0.5210588812828064,0.047689254026381,0.6785545311685384,0.6403462974430479,0.41711924671842565,0.5905548123684785,saves/unlearn/tofu/forget01/Llama-2-7b-chat-hf/NPO/lr5e-5_b16_mb4_ga4_e10/checkpoint-9/evals/TOFU_SUMMARY.json
forget01,5e-5,32,8,4,10,checkpoint-10,0.404587405685253,0.5720394292170262,0.6155460059642792,0.04227933673310931,0.7282288134978632,0.5878455250338327,0.40724123862716444,0.552854909968278,saves/unlearn/tofu/forget01/Llama-2-7b-chat-hf/NPO/lr5e-5_b32_mb8_ga4_e10/checkpoint-10/evals/TOFU_SUMMARY.json
forget01,5e-5,32,8,4,10,checkpoint-2,0.404587405685253,0.5983708438823173,0.7680744677782059,0.1158530993569262,0.6514521205468944,0.5829543686896733,0.4323859334175374,0.5471329168752171,saves/unlearn/tofu/forget01/Llama-2-7b-chat-hf/NPO/lr5e-5_b32_mb8_ga4_e10/checkpoint-2/evals/TOFU_SUMMARY.json
forget01,5e-5,32,8,4,10,checkpoint-4,0.7659314523482239,0.5530156024243651,0.6117329612374306,0.03456164300520254,0.7038857540188299,0.5710637291245135,0.41693184789573523,0.5499734997420087,saves/unlearn/tofu/forget01/Llama-2-7b-chat-hf/NPO/lr5e-5_b32_mb8_ga4_e10/checkpoint-4/evals/TOFU_SUMMARY.json
forget01,5e-5,32,8,4,10,checkpoint-6,0.5786001416508443,0.5654950416512384,0.6109229475259781,0.03635701358904638,0.7301150646934109,0.5751783363382318,0.4093776053759808,0.5463175523705871,saves/unlearn/tofu/forget01/Llama-2-7b-chat-hf/NPO/lr5e-5_b32_mb8_ga4_e10/checkpoint-6/evals/TOFU_SUMMARY.json
forget01,5e-5,32,8,4,10,checkpoint-8,0.404587405685253,0.5718756857595356,0.6118008822202683,0.04105982453798736,0.7321207513668387,0.58551247687713,0.40764356209923464,0.5509925241443556,saves/unlearn/tofu/forget01/Llama-2-7b-chat-hf/NPO/lr5e-5_b32_mb8_ga4_e10/checkpoint-8/evals/TOFU_SUMMARY.json
forget01,5e-5,8,4,2,10,checkpoint-10,0.2656871402817289,0.5251173380537313,0.5782921232283116,0.04859101535084287,0.7094744025533993,0.5022436588805352,0.427585853698962,0.5512305888753467,saves/unlearn/tofu/forget01/Llama-2-7b-chat-hf/NPO/lr5e-5_b8_mb4_ga2_e10/checkpoint-10/evals/TOFU_SUMMARY.json
forget01,5e-5,8,4,2,10,checkpoint-15,0.09707484379785862,0.5379791686121995,0.5684566736221314,0.04498675486674493,0.6883876636489181,0.523396373615214,0.41532315371043266,0.547280373735629,saves/unlearn/tofu/forget01/Llama-2-7b-chat-hf/NPO/lr5e-5_b8_mb4_ga2_e10/checkpoint-15/evals/TOFU_SUMMARY.json
forget01,5e-5,8,4,2,10,checkpoint-20,0.09707484379785862,0.5498607784419473,0.5535766758024693,0.0444643485318386,0.6823547717876371,0.5097359019527005,0.4231666150896824,0.5392433825949331,saves/unlearn/tofu/forget01/Llama-2-7b-chat-hf/NPO/lr5e-5_b8_mb4_ga2_e10/checkpoint-20/evals/TOFU_SUMMARY.json
forget01,5e-5,8,4,2,10,checkpoint-25,0.09707484379785862,0.5493173571129599,0.5478961527347564,0.043538422605912674,0.6839662242832988,0.5262616464662374,0.42568820156565534,0.5365893450347591,saves/unlearn/tofu/forget01/Llama-2-7b-chat-hf/NPO/lr5e-5_b8_mb4_ga2_e10/checkpoint-25/evals/TOFU_SUMMARY.json
forget01,5e-5,8,4,2,10,checkpoint-30,0.16497269950224194,0.5481623014363342,0.5472561784088612,0.044608344987310464,0.6825092908371808,0.5136134615171042,0.4280911230017324,0.5255737682233421,saves/unlearn/tofu/forget01/Llama-2-7b-chat-hf/NPO/lr5e-5_b8_mb4_ga2_e10/checkpoint-30/evals/TOFU_SUMMARY.json
forget01,5e-5,8,4,2,10,checkpoint-35,0.16497269950224194,0.5492466828590794,0.5461583279073239,0.04764103341569851,0.6838614795982438,0.5077980940915201,0.4285206107752688,0.5210007400303425,saves/unlearn/tofu/forget01/Llama-2-7b-chat-hf/NPO/lr5e-5_b8_mb4_ga2_e10/checkpoint-35/evals/TOFU_SUMMARY.json
forget01,5e-5,8,4,2,10,checkpoint-40,0.16497269950224194,0.551586405440304,0.5414955914020538,0.046569401598100794,0.682458992653568,0.5085282115852513,0.4298999279584382,0.5197750513695083,saves/unlearn/tofu/forget01/Llama-2-7b-chat-hf/NPO/lr5e-5_b8_mb4_ga2_e10/checkpoint-40/evals/TOFU_SUMMARY.json
forget01,5e-5,8,4,2,10,checkpoint-45,0.16497269950224194,0.5530893178107565,0.5440304845571518,0.04870486320293255,0.683082815455774,0.5097182104810779,0.43121570677203275,0.5186617277963523,saves/unlearn/tofu/forget01/Llama-2-7b-chat-hf/NPO/lr5e-5_b8_mb4_ga2_e10/checkpoint-45/evals/TOFU_SUMMARY.json
forget01,5e-5,8,4,2,10,checkpoint-5,0.7659314523482239,0.5612150002023583,0.7604261547327041,0.1503356466777828,0.6706325873170285,0.5339267007659925,0.45742839340306873,0.5484289507237855,saves/unlearn/tofu/forget01/Llama-2-7b-chat-hf/NPO/lr5e-5_b8_mb4_ga2_e10/checkpoint-5/evals/TOFU_SUMMARY.json
forget01,5e-5,8,4,2,10,checkpoint-50,0.16497269950224194,0.5538939368116932,0.5436573445796966,0.047885191071785,0.6822183015513308,0.5092145978364392,0.43183623891785516,0.5189163214267676,saves/unlearn/tofu/forget01/Llama-2-7b-chat-hf/NPO/lr5e-5_b8_mb4_ga2_e10/checkpoint-50/evals/TOFU_SUMMARY.json
forget05,1e-4,16,4,4,10,checkpoint-104,0.0020827633834865906,0.49064137256652784,0.511692361459136,0.050188760887820365,0.7050158835213661,0.49215966692677277,0.3757324003719482,0.4968051511106294,saves/unlearn/tofu/forget05/Llama-2-7b-chat-hf/NPO/lr1e-4_b16_mb4_ga4_e10/checkpoint-104/evals/TOFU_SUMMARY.json
forget05,1e-4,16,4,4,10,checkpoint-117,0.0030098470801667434,0.4924075663591064,0.5113520841300487,0.04904834028145548,0.7052200607609066,0.49324463967056853,0.3769846734091486,0.49649020902141544,saves/unlearn/tofu/forget05/Llama-2-7b-chat-hf/NPO/lr1e-4_b16_mb4_ga4_e10/checkpoint-117/evals/TOFU_SUMMARY.json
forget05,1e-4,16,4,4,10,checkpoint-120,0.0020827633834865906,0.4919609162062767,0.5109870436787606,0.04904834028145548,0.7053816934477365,0.49407763527290394,0.3770833261484849,0.4964485823866224,saves/unlearn/tofu/forget05/Llama-2-7b-chat-hf/NPO/lr1e-4_b16_mb4_ga4_e10/checkpoint-120/evals/TOFU_SUMMARY.json
forget05,1e-4,16,4,4,10,checkpoint-13,0.0878382826713132,0.47372225706058263,0.5215600121021271,0.04039967965278474,0.712639337736602,0.5103509741844325,0.3610969601647563,0.5640748781973846,saves/unlearn/tofu/forget05/Llama-2-7b-chat-hf/NPO/lr1e-4_b16_mb4_ga4_e10/checkpoint-13/evals/TOFU_SUMMARY.json
forget05,1e-4,16,4,4,10,checkpoint-26,0.0004306111484986726,0.43328366617244646,0.4944951393455267,0.05013504385603259,0.7167780361932634,0.4877987934241274,0.32392765912054095,0.5381598864374877,saves/unlearn/tofu/forget05/Llama-2-7b-chat-hf/NPO/lr1e-4_b16_mb4_ga4_e10/checkpoint-26/evals/TOFU_SUMMARY.json
forget05,1e-4,16,4,4,10,checkpoint-39,0.0002829222008740643,0.4590214089615053,0.5107354673743248,0.04863980655224058,0.7211850126547356,0.4919860070827543,0.3107797893637227,0.5215378206280589,saves/unlearn/tofu/forget05/Llama-2-7b-chat-hf/NPO/lr1e-4_b16_mb4_ga4_e10/checkpoint-39/evals/TOFU_SUMMARY.json
forget05,1e-4,16,4,4,10,checkpoint-52,1.8266119303942767e-05,0.4769051916852706,0.5104075625538826,0.046574440948833555,0.7236516708278665,0.5308870284599281,0.32340978426821976,0.541306946552434,saves/unlearn/tofu/forget05/Llama-2-7b-chat-hf/NPO/lr1e-4_b16_mb4_ga4_e10/checkpoint-52/evals/TOFU_SUMMARY.json
forget05,1e-4,16,4,4,10,checkpoint-65,0.0002829222008740643,0.4685555677471572,0.504575045183301,0.04564000695461916,0.7181858070927052,0.4866743063652724,0.33331427869765146,0.5087000550385481,saves/unlearn/tofu/forget05/Llama-2-7b-chat-hf/NPO/lr1e-4_b16_mb4_ga4_e10/checkpoint-65/evals/TOFU_SUMMARY.json
forget05,1e-4,16,4,4,10,checkpoint-78,0.0014264303851701861,0.4799581580706752,0.5160286659002304,0.0497762573867968,0.7146045760476288,0.4884660080514049,0.3507323858315655,0.5083960701464644,saves/unlearn/tofu/forget05/Llama-2-7b-chat-hf/NPO/lr1e-4_b16_mb4_ga4_e10/checkpoint-78/evals/TOFU_SUMMARY.json
forget05,1e-4,16,4,4,10,checkpoint-91,0.0020827633834865906,0.48578544354859854,0.5150286228954792,0.04834315829546625,0.7079254325552113,0.48746861528696145,0.3646484015525145,0.4991629120705015,saves/unlearn/tofu/forget05/Llama-2-7b-chat-hf/NPO/lr1e-4_b16_mb4_ga4_e10/checkpoint-91/evals/TOFU_SUMMARY.json
forget05,1e-4,32,8,4,10,checkpoint-14,0.006094418258803505,0.4803607506989601,0.4697092126496136,0.044836986719052,0.6837800652882811,0.5602003203281256,0.3576695893077912,0.605644880527183,saves/unlearn/tofu/forget05/Llama-2-7b-chat-hf/NPO/lr1e-4_b32_mb8_ga4_e10/checkpoint-14/evals/TOFU_SUMMARY.json
forget05,1e-4,32,8,4,10,checkpoint-21,0.0030098470801667434,0.507308649807071,0.47435272607952356,0.04257405213148758,0.6815609579767166,0.5597530877537094,0.3682895470978499,0.6006411542355474,saves/unlearn/tofu/forget05/Llama-2-7b-chat-hf/NPO/lr1e-4_b32_mb8_ga4_e10/checkpoint-21/evals/TOFU_SUMMARY.json
forget05,1e-4,32,8,4,10,checkpoint-28,0.0020827633834865906,0.5006785265752617,0.47300503734499216,0.046923807196912984,0.6933446326811338,0.5376827222182259,0.3515198321541757,0.5752508841225988,saves/unlearn/tofu/forget05/Llama-2-7b-chat-hf/NPO/lr1e-4_b32_mb8_ga4_e10/checkpoint-28/evals/TOFU_SUMMARY.json
forget05,1e-4,32,8,4,10,checkpoint-35,0.006094418258803505,0.5033304988419002,0.4629485284164548,0.0438846121399636,0.6823889832011139,0.5173668044203074,0.37380906104441997,0.5552742518523862,saves/unlearn/tofu/forget05/Llama-2-7b-chat-hf/NPO/lr1e-4_b32_mb8_ga4_e10/checkpoint-35/evals/TOFU_SUMMARY.json
forget05,1e-4,32,8,4,10,checkpoint-42,0.016258459276759563,0.5036716702280025,0.4684471048042178,0.04472096141981712,0.6750684608283156,0.4929141780051698,0.3810859625508787,0.5419751691072482,saves/unlearn/tofu/forget05/Llama-2-7b-chat-hf/NPO/lr1e-4_b32_mb8_ga4_e10/checkpoint-42/evals/TOFU_SUMMARY.json
forget05,1e-4,32,8,4,10,checkpoint-49,0.0220923622208589,0.5089582872266651,0.4732515676319599,0.045097873948638616,0.6734321663919038,0.4945728082193944,0.38800807906124335,0.5370775738853151,saves/unlearn/tofu/forget05/Llama-2-7b-chat-hf/NPO/lr1e-4_b32_mb8_ga4_e10/checkpoint-49/evals/TOFU_SUMMARY.json
forget05,1e-4,32,8,4,10,checkpoint-56,0.016258459276759563,0.5097887101189915,0.4744225660711527,0.044950642356641854,0.6745828356955929,0.49271175593641786,0.3905100881542698,0.5334438331084096,saves/unlearn/tofu/forget05/Llama-2-7b-chat-hf/NPO/lr1e-4_b32_mb8_ga4_e10/checkpoint-56/evals/TOFU_SUMMARY.json
forget05,1e-4,32,8,4,10,checkpoint-60,0.016258459276759563,0.5096176166908308,0.4742567518353462,0.04504868157232813,0.6748356930141622,0.4939643837811785,0.39057653016269966,0.5347041793790406,saves/unlearn/tofu/forget05/Llama-2-7b-chat-hf/NPO/lr1e-4_b32_mb8_ga4_e10/checkpoint-60/evals/TOFU_SUMMARY.json
forget05,1e-4,32,8,4,10,checkpoint-7,0.03956202584899502,0.3600840363598997,0.5020190517604352,0.0538182529399506,0.7635614982559917,0.5228683907396224,0.32500598956708077,0.5057883622766575,saves/unlearn/tofu/forget05/Llama-2-7b-chat-hf/NPO/lr1e-4_b32_mb8_ga4_e10/checkpoint-7/evals/TOFU_SUMMARY.json
forget05,1e-4,8,4,2,10,checkpoint-100,0.004304993380033157,0.4186530151911612,0.4959050437062979,0.045789803079889405,0.7275788880920853,0.5014982194108468,0.27867923028591607,0.4973878453537972,saves/unlearn/tofu/forget05/Llama-2-7b-chat-hf/NPO/lr1e-4_b8_mb4_ga2_e10/checkpoint-100/evals/TOFU_SUMMARY.json
forget05,1e-4,8,4,2,10,checkpoint-125,0.052139087188847716,0.4129011856701601,0.4972762967646122,0.04837373162408962,0.7219696954796353,0.4800509286472066,0.29441267717453307,0.5183267612450241,saves/unlearn/tofu/forget05/Llama-2-7b-chat-hf/NPO/lr1e-4_b8_mb4_ga2_e10/checkpoint-125/evals/TOFU_SUMMARY.json
forget05,1e-4,8,4,2,10,checkpoint-150,0.0297148244707607,0.45685683677881833,0.4889614224433899,0.04994010109756134,0.7100796788081769,0.5226527390864338,0.3243032468829196,0.5440567760624543,saves/unlearn/tofu/forget05/Llama-2-7b-chat-hf/NPO/lr1e-4_b8_mb4_ga2_e10/checkpoint-150/evals/TOFU_SUMMARY.json
forget05,1e-4,8,4,2,10,checkpoint-175,0.06801920461119272,0.4677030554776458,0.48604873422533273,0.04696202045031812,0.7026734292825293,0.520396077038077,0.3439129155849153,0.522117126955854,saves/unlearn/tofu/forget05/Llama-2-7b-chat-hf/NPO/lr1e-4_b8_mb4_ga2_e10/checkpoint-175/evals/TOFU_SUMMARY.json
forget05,1e-4,8,4,2,10,checkpoint-200,0.06801920461119272,0.4682819152523769,0.4806802474800497,0.048403170557191365,0.7001193914260142,0.5136945778058829,0.3467163849497152,0.5116961337199835,saves/unlearn/tofu/forget05/Llama-2-7b-chat-hf/NPO/lr1e-4_b8_mb4_ga2_e10/checkpoint-200/evals/TOFU_SUMMARY.json
forget05,1e-4,8,4,2,10,checkpoint-225,0.0878382826713132,0.4809772407231333,0.4819711545202881,0.050239660456181265,0.6957576881385951,0.519204724759118,0.3572532134219281,0.5189013990083152,saves/unlearn/tofu/forget05/Llama-2-7b-chat-hf/NPO/lr1e-4_b8_mb4_ga2_e10/checkpoint-225/evals/TOFU_SUMMARY.json
forget05,1e-4,8,4,2,10,checkpoint-25,0.0220923622208589,0.4850808462312499,0.5239326693117619,0.05355115528460663,0.7181353595390602,0.5871591539241748,0.3745391577233901,0.5449371172347066,saves/unlearn/tofu/forget05/Llama-2-7b-chat-hf/NPO/lr1e-4_b8_mb4_ga2_e10/checkpoint-25/evals/TOFU_SUMMARY.json
forget05,1e-4,8,4,2,10,checkpoint-250,0.06801920461119272,0.48158258713525465,0.4803944286424667,0.04954146225798307,0.6942324742859833,0.5210589247522313,0.36099890850094324,0.5199677115593597,saves/unlearn/tofu/forget05/Llama-2-7b-chat-hf/NPO/lr1e-4_b8_mb4_ga2_e10/checkpoint-250/evals/TOFU_SUMMARY.json
forget05,1e-4,8,4,2,10,checkpoint-50,0.0002829222008740643,0.41118354190591766,0.5015457060188055,0.047958212321526104,0.7306809019841018,0.49290031946698265,0.2738732704089228,0.4727539254652806,saves/unlearn/tofu/forget05/Llama-2-7b-chat-hf/NPO/lr1e-4_b8_mb4_ga2_e10/checkpoint-50/evals/TOFU_SUMMARY.json
forget05,1e-4,8,4,2,10,checkpoint-75,0.000648608042418048,0.4056540240007633,0.5092884691804648,0.045815862713902034,0.7326116799810619,0.4704959882928679,0.27010174197455333,0.5111857663371053,saves/unlearn/tofu/forget05/Llama-2-7b-chat-hf/NPO/lr1e-4_b8_mb4_ga2_e10/checkpoint-75/evals/TOFU_SUMMARY.json
forget05,1e-5,16,4,4,10,checkpoint-104,2.8873674273022313e-11,0.5640457252841692,0.9226588171720504,0.3793986302466887,0.5459521080160495,0.57084412334901,0.4559880814630483,0.5317467918899572,saves/unlearn/tofu/forget05/Llama-2-7b-chat-hf/NPO/lr1e-5_b16_mb4_ga4_e10/checkpoint-104/evals/TOFU_SUMMARY.json
forget05,1e-5,16,4,4,10,checkpoint-117,2.8873674273022313e-11,0.5646966767314555,0.9223720476031303,0.3735695629876011,0.5454975212488398,0.5715788207616815,0.4552608069790117,0.5313624919549749,saves/unlearn/tofu/forget05/Llama-2-7b-chat-hf/NPO/lr1e-5_b16_mb4_ga4_e10/checkpoint-117/evals/TOFU_SUMMARY.json
forget05,1e-5,16,4,4,10,checkpoint-120,6.5689645859369454e-12,0.563760031397328,0.9221331766247749,0.3703918261189168,0.5455966620229616,0.5696948241567217,0.45584768521325186,0.5309767535942296,saves/unlearn/tofu/forget05/Llama-2-7b-chat-hf/NPO/lr1e-5_b16_mb4_ga4_e10/checkpoint-120/evals/TOFU_SUMMARY.json
forget05,1e-5,16,4,4,10,checkpoint-13,5.86730162802883e-14,0.6298494667275942,0.9901877841353417,0.8750706100613709,0.5186522575120083,0.6179508257418658,0.45736055943385323,0.5543274155880826,saves/unlearn/tofu/forget05/Llama-2-7b-chat-hf/NPO/lr1e-5_b16_mb4_ga4_e10/checkpoint-13/evals/TOFU_SUMMARY.json
forget05,1e-5,16,4,4,10,checkpoint-26,2.9623487356936016e-13,0.6129073995221646,0.9695499470829964,0.653953332469134,0.529645135775695,0.6077660948128824,0.4612196474791673,0.5468337592440041,saves/unlearn/tofu/forget05/Llama-2-7b-chat-hf/NPO/lr1e-5_b16_mb4_ga4_e10/checkpoint-26/evals/TOFU_SUMMARY.json
forget05,1e-5,16,4,4,10,checkpoint-39,2.9623487356936016e-13,0.57292712221992,0.9600138369202614,0.5437772948688779,0.5367203239344829,0.6007942184067708,0.4593130675980723,0.5348993322077678,saves/unlearn/tofu/forget05/Llama-2-7b-chat-hf/NPO/lr1e-5_b16_mb4_ga4_e10/checkpoint-39/evals/TOFU_SUMMARY.json
forget05,1e-5,16,4,4,10,checkpoint-52,6.540866008411473e-13,0.5570689570062034,0.9472659027576447,0.4604292362815039,0.5375517342146755,0.5847649975917457,0.46127637791848547,0.5310610220602479,saves/unlearn/tofu/forget05/Llama-2-7b-chat-hf/NPO/lr1e-5_b16_mb4_ga4_e10/checkpoint-52/evals/TOFU_SUMMARY.json
forget05,1e-5,16,4,4,10,checkpoint-65,6.540866008411473e-13,0.5599825644055447,0.9348449847102165,0.4187716747395702,0.5393124835503363,0.5794893618300128,0.45663643584678154,0.5280222290627973,saves/unlearn/tofu/forget05/Llama-2-7b-chat-hf/NPO/lr1e-5_b16_mb4_ga4_e10/checkpoint-65/evals/TOFU_SUMMARY.json
forget05,1e-5,16,4,4,10,checkpoint-78,1.4275699621532978e-12,0.5593145935786307,0.9288266459107399,0.39416215528005927,0.5409542636102972,0.5743873752480407,0.4579726145494141,0.5296253379649422,saves/unlearn/tofu/forget05/Llama-2-7b-chat-hf/NPO/lr1e-5_b16_mb4_ga4_e10/checkpoint-78/evals/TOFU_SUMMARY.json
forget05,1e-5,16,4,4,10,checkpoint-91,5.951062636424447e-11,0.5627805176451574,0.925177119076252,0.3863206706670884,0.5465009304647515,0.57163543261514,0.4548341014777845,0.5298355286351999,saves/unlearn/tofu/forget05/Llama-2-7b-chat-hf/NPO/lr1e-5_b16_mb4_ga4_e10/checkpoint-91/evals/TOFU_SUMMARY.json
forget05,1e-5,32,8,4,10,checkpoint-14,1.3261055712130201e-13,0.6248706811668601,0.9747956219315529,0.7092874643337188,0.5234769242440807,0.6154766443878659,0.45720722582992906,0.5516099579913386,saves/unlearn/tofu/forget05/Llama-2-7b-chat-hf/NPO/lr1e-5_b32_mb8_ga4_e10/checkpoint-14/evals/TOFU_SUMMARY.json
forget05,1e-5,32,8,4,10,checkpoint-21,6.540866008411473e-13,0.6182971212874827,0.9588054201006889,0.5945315860697107,0.5275774707399763,0.6112866993458015,0.4618069008647925,0.5498166160379748,saves/unlearn/tofu/forget05/Llama-2-7b-chat-hf/NPO/lr1e-5_b32_mb8_ga4_e10/checkpoint-21/evals/TOFU_SUMMARY.json
forget05,1e-5,32,8,4,10,checkpoint-28,1.4275699621532978e-12,0.6012798903435227,0.9498881760239601,0.5106973035305068,0.5288418757737439,0.6053795307709382,0.46341258082929565,0.5468514568016147,saves/unlearn/tofu/forget05/Llama-2-7b-chat-hf/NPO/lr1e-5_b32_mb8_ga4_e10/checkpoint-28/evals/TOFU_SUMMARY.json
forget05,1e-5,32,8,4,10,checkpoint-35,1.4275699621532978e-12,0.5858501437276746,0.9443987089395524,0.45579236260649514,0.5333867959392791,0.6015241508771291,0.46211131788602544,0.5415394637572848,saves/unlearn/tofu/forget05/Llama-2-7b-chat-hf/NPO/lr1e-5_b32_mb8_ga4_e10/checkpoint-35/evals/TOFU_SUMMARY.json
forget05,1e-5,32,8,4,10,checkpoint-42,1.4275699621532978e-12,0.5766203545204056,0.9402800863981247,0.42336421479076775,0.5356033316149896,0.6005126988795922,0.4619066622068808,0.5374483584595724,saves/unlearn/tofu/forget05/Llama-2-7b-chat-hf/NPO/lr1e-5_b32_mb8_ga4_e10/checkpoint-42/evals/TOFU_SUMMARY.json
forget05,1e-5,32,8,4,10,checkpoint-49,3.0799540915748314e-12,0.5724634102183248,0.936345494389534,0.40601180628264744,0.5353400365453423,0.5962210480587461,0.4625016810824246,0.5386400868680219,saves/unlearn/tofu/forget05/Llama-2-7b-chat-hf/NPO/lr1e-5_b32_mb8_ga4_e10/checkpoint-49/evals/TOFU_SUMMARY.json
forget05,1e-5,32,8,4,10,checkpoint-56,6.5689645859369454e-12,0.5712064025015248,0.9354241013526916,0.4061007480854118,0.5356418702593685,0.5934118981868044,0.4628835832288542,0.5382152984248639,saves/unlearn/tofu/forget05/Llama-2-7b-chat-hf/NPO/lr1e-5_b32_mb8_ga4_e10/checkpoint-56/evals/TOFU_SUMMARY.json
forget05,1e-5,32,8,4,10,checkpoint-60,3.0799540915748314e-12,0.5716347738665177,0.9353792637586593,0.4094404086321974,0.5358638636958362,0.5967986008069787,0.46328458835743275,0.5373144408021645,saves/unlearn/tofu/forget05/Llama-2-7b-chat-hf/NPO/lr1e-5_b32_mb8_ga4_e10/checkpoint-60/evals/TOFU_SUMMARY.json
forget05,1e-5,32,8,4,10,checkpoint-7,5.86730162802883e-14,0.6297635976706015,0.9904701283574104,0.8789146643021724,0.5161893981569476,0.6177234609541918,0.4579541049636451,0.5534104875780276,saves/unlearn/tofu/forget05/Llama-2-7b-chat-hf/NPO/lr1e-5_b32_mb8_ga4_e10/checkpoint-7/evals/TOFU_SUMMARY.json
forget05,1e-5,8,4,2,10,checkpoint-100,9.594235055800515e-10,0.5504100004840116,0.921222904920578,0.3722575100457574,0.561586483639715,0.5536079152432644,0.45240462596026376,0.5190865412548928,saves/unlearn/tofu/forget05/Llama-2-7b-chat-hf/NPO/lr1e-5_b8_mb4_ga2_e10/checkpoint-100/evals/TOFU_SUMMARY.json
forget05,1e-5,8,4,2,10,checkpoint-125,1.8694649189611297e-09,0.5606083633738315,0.913817917406559,0.33880915668800987,0.5642232370067538,0.5493108574618968,0.45521899424710754,0.5204438969814137,saves/unlearn/tofu/forget05/Llama-2-7b-chat-hf/NPO/lr1e-5_b8_mb4_ga2_e10/checkpoint-125/evals/TOFU_SUMMARY.json
forget05,1e-5,8,4,2,10,checkpoint-150,1.8694649189611297e-09,0.56853919376348,0.9071830093860627,0.3189858482305803,0.5633496126120923,0.5490167287624779,0.4584338678506812,0.523510274751828,saves/unlearn/tofu/forget05/Llama-2-7b-chat-hf/NPO/lr1e-5_b8_mb4_ga2_e10/checkpoint-150/evals/TOFU_SUMMARY.json
forget05,1e-5,8,4,2,10,checkpoint-175,1.8694649189611297e-09,0.5712381849352796,0.9042032608389854,0.3165667715417525,0.5698704824320459,0.554403635613241,0.45723305234263406,0.5230600922921026,saves/unlearn/tofu/forget05/Llama-2-7b-chat-hf/NPO/lr1e-5_b8_mb4_ga2_e10/checkpoint-175/evals/TOFU_SUMMARY.json
forget05,1e-5,8,4,2,10,checkpoint-200,2.4125498977354686e-08,0.5719831992172978,0.9015214842557907,0.30496668238074065,0.5699266380259954,0.5541361200801356,0.4599667630198577,0.5228957264723735,saves/unlearn/tofu/forget05/Llama-2-7b-chat-hf/NPO/lr1e-5_b8_mb4_ga2_e10/checkpoint-200/evals/TOFU_SUMMARY.json
forget05,1e-5,8,4,2,10,checkpoint-225,6.865581733487208e-09,0.575571857017247,0.9012978166341782,0.30520350014207276,0.5707645470686018,0.5557652924621906,0.4602844482213889,0.5242595519334121,saves/unlearn/tofu/forget05/Llama-2-7b-chat-hf/NPO/lr1e-5_b8_mb4_ga2_e10/checkpoint-225/evals/TOFU_SUMMARY.json
forget05,1e-5,8,4,2,10,checkpoint-25,2.5656301025789152e-14,0.6299260991459149,0.989727434515953,0.8607175166500934,0.5217372931743742,0.6185634800735186,0.456394163325727,0.5537909903942119,saves/unlearn/tofu/forget05/Llama-2-7b-chat-hf/NPO/lr1e-5_b8_mb4_ga2_e10/checkpoint-25/evals/TOFU_SUMMARY.json
forget05,1e-5,8,4,2,10,checkpoint-250,6.865581733487208e-09,0.5752882009100438,0.9006031805276871,0.3042781140046723,0.5720461220696036,0.5556624429704524,0.4604295506828285,0.5228964394026514,saves/unlearn/tofu/forget05/Llama-2-7b-chat-hf/NPO/lr1e-5_b8_mb4_ga2_e10/checkpoint-250/evals/TOFU_SUMMARY.json
forget05,1e-5,8,4,2,10,checkpoint-50,5.86730162802883e-14,0.5771105210414765,0.9634274989366531,0.5660462787998035,0.5445073050133209,0.6019707358766054,0.4551811285946086,0.5366455329231831,saves/unlearn/tofu/forget05/Llama-2-7b-chat-hf/NPO/lr1e-5_b8_mb4_ga2_e10/checkpoint-50/evals/TOFU_SUMMARY.json
forget05,1e-5,8,4,2,10,checkpoint-75,3.0799540915748314e-12,0.5547138629160782,0.9411866915225983,0.42874271188684454,0.5510440088544271,0.5749740623558001,0.45362832505487094,0.5277567807007999,saves/unlearn/tofu/forget05/Llama-2-7b-chat-hf/NPO/lr1e-5_b8_mb4_ga2_e10/checkpoint-75/evals/TOFU_SUMMARY.json
forget05,2e-5,16,4,4,10,checkpoint-104,1.8266119303942767e-05,0.6002691049976863,0.7763459104299545,0.11579948510558959,0.6330083824848167,0.6035717118789975,0.45180504245107544,0.5533104801145715,saves/unlearn/tofu/forget05/Llama-2-7b-chat-hf/NPO/lr2e-5_b16_mb4_ga4_e10/checkpoint-104/evals/TOFU_SUMMARY.json
forget05,2e-5,16,4,4,10,checkpoint-117,2.9607827368482373e-05,0.6030329101349307,0.7765104132890701,0.11579948510558959,0.6300551809681206,0.6083759139908715,0.4523760756696991,0.5530304917620095,saves/unlearn/tofu/forget05/Llama-2-7b-chat-hf/NPO/lr2e-5_b16_mb4_ga4_e10/checkpoint-117/evals/TOFU_SUMMARY.json
forget05,2e-5,16,4,4,10,checkpoint-120,1.8266119303942767e-05,0.6020047983045244,0.7766465759277343,0.11554948510558959,0.6303499767360504,0.6075386752016939,0.45241354427204444,0.554240252225694,saves/unlearn/tofu/forget05/Llama-2-7b-chat-hf/NPO/lr2e-5_b16_mb4_ga4_e10/checkpoint-120/evals/TOFU_SUMMARY.json
forget05,2e-5,16,4,4,10,checkpoint-13,2.9623487356936016e-13,0.6278853609444818,0.9649218991398811,0.6048363913768702,0.5489865937055864,0.6295987692052232,0.4526288792372477,0.5692784622214242,saves/unlearn/tofu/forget05/Llama-2-7b-chat-hf/NPO/lr2e-5_b16_mb4_ga4_e10/checkpoint-13/evals/TOFU_SUMMARY.json
forget05,2e-5,16,4,4,10,checkpoint-26,9.594235055800515e-10,0.5422202163364156,0.8687031364440918,0.23221087754482198,0.5991357395183211,0.6013335723876507,0.4375522128903583,0.547163785761053,saves/unlearn/tofu/forget05/Llama-2-7b-chat-hf/NPO/lr2e-5_b16_mb4_ga4_e10/checkpoint-26/evals/TOFU_SUMMARY.json
forget05,2e-5,16,4,4,10,checkpoint-39,1.3921047931216453e-06,0.5391382068113165,0.7991447576880455,0.14475042141112124,0.6272333653282658,0.6060239201842819,0.436721785063409,0.5475258607130026,saves/unlearn/tofu/forget05/Llama-2-7b-chat-hf/NPO/lr2e-5_b16_mb4_ga4_e10/checkpoint-39/evals/TOFU_SUMMARY.json
forget05,2e-5,16,4,4,10,checkpoint-52,8.056669472003223e-07,0.5586937315735898,0.7926675635576248,0.13731187343304707,0.6321637371718859,0.5927140672296881,0.44121651262469475,0.5420484415922949,saves/unlearn/tofu/forget05/Llama-2-7b-chat-hf/NPO/lr2e-5_b16_mb4_ga4_e10/checkpoint-52/evals/TOFU_SUMMARY.json
forget05,2e-5,16,4,4,10,checkpoint-65,4.024806511439489e-06,0.5690535199890153,0.7933445310592652,0.1292917457918353,0.6400339758231817,0.5777321260777053,0.44230333892893653,0.5386842071400461,saves/unlearn/tofu/forget05/Llama-2-7b-chat-hf/NPO/lr2e-5_b16_mb4_ga4_e10/checkpoint-65/evals/TOFU_SUMMARY.json
forget05,2e-5,16,4,4,10,checkpoint-78,6.734842895808746e-06,0.5830245959176314,0.7912048280239106,0.12497244203557606,0.6382414969646658,0.584630414228291,0.44689371171453823,0.5434333322512925,saves/unlearn/tofu/forget05/Llama-2-7b-chat-hf/NPO/lr2e-5_b16_mb4_ga4_e10/checkpoint-78/evals/TOFU_SUMMARY.json
forget05,2e-5,16,4,4,10,checkpoint-91,6.734842895808746e-06,0.5951592763256766,0.7799206888675689,0.11580752306925504,0.630386625768063,0.5994279514407994,0.45128934666677767,0.5517823236955499,saves/unlearn/tofu/forget05/Llama-2-7b-chat-hf/NPO/lr2e-5_b16_mb4_ga4_e10/checkpoint-91/evals/TOFU_SUMMARY.json
forget05,2e-5,32,8,4,10,checkpoint-14,5.951062636424447e-11,0.5734008818989754,0.9017644783854485,0.30702967778925394,0.5821092048537614,0.6104765875885554,0.4414729277590634,0.5492668577628556,saves/unlearn/tofu/forget05/Llama-2-7b-chat-hf/NPO/lr2e-5_b32_mb8_ga4_e10/checkpoint-14/evals/TOFU_SUMMARY.json
forget05,2e-5,32,8,4,10,checkpoint-21,2.6127403909667314e-07,0.5422176859941883,0.8336187168955803,0.19911739875537252,0.6108790632568,0.5907874112945665,0.4370722730121945,0.5326586785562989,saves/unlearn/tofu/forget05/Llama-2-7b-chat-hf/NPO/lr2e-5_b32_mb8_ga4_e10/checkpoint-21/evals/TOFU_SUMMARY.json
forget05,2e-5,32,8,4,10,checkpoint-28,2.3797467071606504e-06,0.5453058595468384,0.8051093250513077,0.16369721025048498,0.6219148571670197,0.58625999203969,0.44262958741293945,0.5283314730455294,saves/unlearn/tofu/forget05/Llama-2-7b-chat-hf/NPO/lr2e-5_b32_mb8_ga4_e10/checkpoint-28/evals/TOFU_SUMMARY.json
forget05,2e-5,32,8,4,10,checkpoint-35,2.3797467071606504e-06,0.5561789292580123,0.799587362408638,0.1563636281149753,0.6265932511837352,0.5869803930687564,0.44884135452381413,0.526679086116263,saves/unlearn/tofu/forget05/Llama-2-7b-chat-hf/NPO/lr2e-5_b32_mb8_ga4_e10/checkpoint-35/evals/TOFU_SUMMARY.json
forget05,2e-5,32,8,4,10,checkpoint-42,1.8266119303942767e-05,0.5570028451615096,0.7950891891121864,0.1540753116810286,0.62707843176452,0.582741444870964,0.4474793823711674,0.5248927165884506,saves/unlearn/tofu/forget05/Llama-2-7b-chat-hf/NPO/lr2e-5_b32_mb8_ga4_e10/checkpoint-42/evals/TOFU_SUMMARY.json
forget05,2e-5,32,8,4,10,checkpoint-49,2.3797467071606504e-06,0.5629809263052651,0.793884644806385,0.15258648168193728,0.6322131237075527,0.5856887193419024,0.4513540587613201,0.52697098824105,saves/unlearn/tofu/forget05/Llama-2-7b-chat-hf/NPO/lr2e-5_b32_mb8_ga4_e10/checkpoint-49/evals/TOFU_SUMMARY.json
forget05,2e-5,32,8,4,10,checkpoint-56,4.024806511439489e-06,0.5644751808350026,0.7923575443029404,0.1524145796459223,0.6312004875731423,0.5847559432387403,0.4526871980807319,0.5238064585369989,saves/unlearn/tofu/forget05/Llama-2-7b-chat-hf/NPO/lr2e-5_b32_mb8_ga4_e10/checkpoint-56/evals/TOFU_SUMMARY.json
forget05,2e-5,32,8,4,10,checkpoint-60,6.734842895808746e-06,0.5649903638163997,0.7931302365660667,0.15283209318349372,0.6320471372665256,0.585724863302821,0.45286124384543663,0.5265479562156712,saves/unlearn/tofu/forget05/Llama-2-7b-chat-hf/NPO/lr2e-5_b32_mb8_ga4_e10/checkpoint-60/evals/TOFU_SUMMARY.json
forget05,2e-5,32,8,4,10,checkpoint-7,1.3261055712130201e-13,0.6324485164156904,0.9729630726575852,0.7016690390696442,0.5357081176115913,0.6296502777975903,0.45355191254192506,0.5632796407881178,saves/unlearn/tofu/forget05/Llama-2-7b-chat-hf/NPO/lr2e-5_b32_mb8_ga4_e10/checkpoint-7/evals/TOFU_SUMMARY.json
forget05,2e-5,8,4,2,10,checkpoint-100,0.006094418258803505,0.5963490380558533,0.7769431069493293,0.11608172342343857,0.6442212353104044,0.6193158246594561,0.4586852592205419,0.5470382894405614,saves/unlearn/tofu/forget05/Llama-2-7b-chat-hf/NPO/lr2e-5_b8_mb4_ga2_e10/checkpoint-100/evals/TOFU_SUMMARY.json
forget05,2e-5,8,4,2,10,checkpoint-125,0.03956202584899502,0.607091510057735,0.7444896581768989,0.10927443865602501,0.6510963631131973,0.6306053516537454,0.4601917348241571,0.5470207460634144,saves/unlearn/tofu/forget05/Llama-2-7b-chat-hf/NPO/lr2e-5_b8_mb4_ga2_e10/checkpoint-125/evals/TOFU_SUMMARY.json
forget05,2e-5,8,4,2,10,checkpoint-150,0.1420746514551761,0.6080808350851105,0.7370819219946861,0.09620170427842348,0.6482416113364593,0.6208117010373103,0.4617644388348224,0.5439825772594865,saves/unlearn/tofu/forget05/Llama-2-7b-chat-hf/NPO/lr2e-5_b8_mb4_ga2_e10/checkpoint-150/evals/TOFU_SUMMARY.json
forget05,2e-5,8,4,2,10,checkpoint-175,0.06801920461119272,0.608808302246481,0.7372059428691864,0.09770242106807808,0.6511566322454999,0.6237968757715051,0.46138077523844645,0.5439425606080875,saves/unlearn/tofu/forget05/Llama-2-7b-chat-hf/NPO/lr2e-5_b8_mb4_ga2_e10/checkpoint-175/evals/TOFU_SUMMARY.json
forget05,2e-5,8,4,2,10,checkpoint-200,0.06801920461119272,0.6075024804215278,0.7376749694347382,0.09667851917973654,0.6504734356567543,0.6139705148390245,0.46205130574123215,0.5398337697512284,saves/unlearn/tofu/forget05/Llama-2-7b-chat-hf/NPO/lr2e-5_b8_mb4_ga2_e10/checkpoint-200/evals/TOFU_SUMMARY.json
forget05,2e-5,8,4,2,10,checkpoint-225,0.0878382826713132,0.6069945864481234,0.7369589863717556,0.09586942827064564,0.6475977210783296,0.6142601426595842,0.4624345228178877,0.5396959332371827,saves/unlearn/tofu/forget05/Llama-2-7b-chat-hf/NPO/lr2e-5_b8_mb4_ga2_e10/checkpoint-225/evals/TOFU_SUMMARY.json
forget05,2e-5,8,4,2,10,checkpoint-25,3.0799540915748314e-12,0.6194636372068317,0.9594859692454338,0.5442387465906596,0.5615505692249303,0.6387853971383745,0.44481870984661853,0.5773958971104152,saves/unlearn/tofu/forget05/Llama-2-7b-chat-hf/NPO/lr2e-5_b8_mb4_ga2_e10/checkpoint-25/evals/TOFU_SUMMARY.json
forget05,2e-5,8,4,2,10,checkpoint-250,0.06801920461119272,0.6076993018871714,0.7365092206001281,0.09846698572114426,0.647512688240241,0.6148726539905948,0.4623270706178452,0.5398303025765786,saves/unlearn/tofu/forget05/Llama-2-7b-chat-hf/NPO/lr2e-5_b8_mb4_ga2_e10/checkpoint-250/evals/TOFU_SUMMARY.json
forget05,2e-5,8,4,2,10,checkpoint-50,2.6127403909667314e-07,0.5339957123889683,0.8080141359567642,0.15067166008282365,0.6366208195022155,0.6109683827448518,0.412346115992038,0.5586453552461501,saves/unlearn/tofu/forget05/Llama-2-7b-chat-hf/NPO/lr2e-5_b8_mb4_ga2_e10/checkpoint-50/evals/TOFU_SUMMARY.json
forget05,2e-5,8,4,2,10,checkpoint-75,1.1150402145378719e-05,0.5632071139185566,0.7818196153640747,0.1328564847156684,0.6504086738519967,0.6138669566587603,0.4310980254690285,0.5606171523143584,saves/unlearn/tofu/forget05/Llama-2-7b-chat-hf/NPO/lr2e-5_b8_mb4_ga2_e10/checkpoint-75/evals/TOFU_SUMMARY.json
forget05,5e-5,16,4,4,10,checkpoint-104,0.06801920461119272,0.5596898877666802,0.5182812132732942,0.05575164590649281,0.672144147953081,0.5590452657254855,0.4302411149318516,0.5310595447076603,saves/unlearn/tofu/forget05/Llama-2-7b-chat-hf/NPO/lr5e-5_b16_mb4_ga4_e10/checkpoint-104/evals/TOFU_SUMMARY.json
forget05,5e-5,16,4,4,10,checkpoint-117,0.0878382826713132,0.5617323937882118,0.5177075109491125,0.05575164590649281,0.6705253494796155,0.5634426448682017,0.43137427902786357,0.5294825373489246,saves/unlearn/tofu/forget05/Llama-2-7b-chat-hf/NPO/lr5e-5_b16_mb4_ga4_e10/checkpoint-117/evals/TOFU_SUMMARY.json
forget05,5e-5,16,4,4,10,checkpoint-120,0.0878382826713132,0.5607683247721434,0.5174410203332082,0.05545752825943398,0.6710620912432685,0.5603490718123548,0.43152489793435017,0.5297091142401372,saves/unlearn/tofu/forget05/Llama-2-7b-chat-hf/NPO/lr5e-5_b16_mb4_ga4_e10/checkpoint-120/evals/TOFU_SUMMARY.json
forget05,5e-5,16,4,4,10,checkpoint-13,4.7487878961137165e-05,0.5069505158739102,0.7252021409571171,0.10930059314025925,0.6708496307124995,0.5897732560832485,0.3832637720088299,0.5693785281216446,saves/unlearn/tofu/forget05/Llama-2-7b-chat-hf/NPO/lr5e-5_b16_mb4_ga4_e10/checkpoint-13/evals/TOFU_SUMMARY.json
forget05,5e-5,16,4,4,10,checkpoint-26,0.11228360286766195,0.5796336265331177,0.5549465069174766,0.05268421991068259,0.6869445965887178,0.7106761901369747,0.43661375853187223,0.682408061603094,saves/unlearn/tofu/forget05/Llama-2-7b-chat-hf/NPO/lr5e-5_b16_mb4_ga4_e10/checkpoint-26/evals/TOFU_SUMMARY.json
forget05,5e-5,16,4,4,10,checkpoint-39,0.0297148244707607,0.5531002613814803,0.5461443382874132,0.05306620485097336,0.6839600540094721,0.5632485457537543,0.4190293534684649,0.551099409245492,saves/unlearn/tofu/forget05/Llama-2-7b-chat-hf/NPO/lr5e-5_b16_mb4_ga4_e10/checkpoint-39/evals/TOFU_SUMMARY.json
forget05,5e-5,16,4,4,10,checkpoint-52,0.016258459276759563,0.5499709425696883,0.5390858930721879,0.05429088362117347,0.6785267433540197,0.5429268346765778,0.4177074474217464,0.5364090809376761,saves/unlearn/tofu/forget05/Llama-2-7b-chat-hf/NPO/lr5e-5_b16_mb4_ga4_e10/checkpoint-52/evals/TOFU_SUMMARY.json
forget05,5e-5,16,4,4,10,checkpoint-65,0.0220923622208589,0.5511059877783084,0.5289485752396286,0.058668938379648615,0.6753791207125458,0.5663856829987011,0.4197363537906735,0.5444994037062405,saves/unlearn/tofu/forget05/Llama-2-7b-chat-hf/NPO/lr5e-5_b16_mb4_ga4_e10/checkpoint-65/evals/TOFU_SUMMARY.json
forget05,5e-5,16,4,4,10,checkpoint-78,0.03956202584899502,0.554974986572843,0.5184523414866998,0.05551117760001692,0.6750024077196357,0.559596592255813,0.4259463347792806,0.5395578793163972,saves/unlearn/tofu/forget05/Llama-2-7b-chat-hf/NPO/lr5e-5_b16_mb4_ga4_e10/checkpoint-78/evals/TOFU_SUMMARY.json
forget05,5e-5,16,4,4,10,checkpoint-91,0.052139087188847716,0.5596876843326997,0.5168179105827585,0.055031093582999305,0.6742425477081982,0.5601265867548036,0.42863985162418766,0.5341008843055846,saves/unlearn/tofu/forget05/Llama-2-7b-chat-hf/NPO/lr5e-5_b16_mb4_ga4_e10/checkpoint-91/evals/TOFU_SUMMARY.json
forget05,5e-5,32,8,4,10,checkpoint-14,0.0878382826713132,0.5055389677287238,0.6030767153203488,0.06454659675182445,0.7401832451672976,0.5341255285717633,0.37915042368866303,0.5652525811462229,saves/unlearn/tofu/forget05/Llama-2-7b-chat-hf/NPO/lr5e-5_b32_mb8_ga4_e10/checkpoint-14/evals/TOFU_SUMMARY.json
forget05,5e-5,32,8,4,10,checkpoint-21,0.39352743357720954,0.5602973070207837,0.562836105376482,0.05338269964129425,0.6996184401750714,0.5615920153676381,0.43579065243451753,0.5880164432892587,saves/unlearn/tofu/forget05/Llama-2-7b-chat-hf/NPO/lr5e-5_b32_mb8_ga4_e10/checkpoint-21/evals/TOFU_SUMMARY.json
forget05,5e-5,32,8,4,10,checkpoint-28,0.39352743357720954,0.5763242888763963,0.5326446700841189,0.05361415014715247,0.6882008730332267,0.5994074384977357,0.4406896279156936,0.6021626057487264,saves/unlearn/tofu/forget05/Llama-2-7b-chat-hf/NPO/lr5e-5_b32_mb8_ga4_e10/checkpoint-28/evals/TOFU_SUMMARY.json
forget05,5e-5,32,8,4,10,checkpoint-35,0.17793352788293415,0.57789650341524,0.5343937714397907,0.05721086292920888,0.6897473237514709,0.5923851445855274,0.4392727569922627,0.6003851805832537,saves/unlearn/tofu/forget05/Llama-2-7b-chat-hf/NPO/lr5e-5_b32_mb8_ga4_e10/checkpoint-35/evals/TOFU_SUMMARY.json
forget05,5e-5,32,8,4,10,checkpoint-42,0.06801920461119272,0.5877066142850587,0.5340130715817213,0.05608383763744877,0.6880168805749487,0.5794835749813767,0.44499884451383465,0.5941492526460515,saves/unlearn/tofu/forget05/Llama-2-7b-chat-hf/NPO/lr5e-5_b32_mb8_ga4_e10/checkpoint-42/evals/TOFU_SUMMARY.json
forget05,5e-5,32,8,4,10,checkpoint-49,0.11228360286766195,0.5885490942126479,0.5326620932668448,0.05397994680465399,0.6853536532764402,0.5722981273742233,0.44797890553248576,0.589404949375372,saves/unlearn/tofu/forget05/Llama-2-7b-chat-hf/NPO/lr5e-5_b32_mb8_ga4_e10/checkpoint-49/evals/TOFU_SUMMARY.json
forget05,5e-5,32,8,4,10,checkpoint-56,0.1420746514551761,0.5895177510785151,0.5336473882943392,0.054100627698962934,0.6851493289731719,0.5709435571492123,0.44921432596841254,0.5878402274731929,saves/unlearn/tofu/forget05/Llama-2-7b-chat-hf/NPO/lr5e-5_b32_mb8_ga4_e10/checkpoint-56/evals/TOFU_SUMMARY.json
forget05,5e-5,32,8,4,10,checkpoint-60,0.1420746514551761,0.5908596741694702,0.533148003295064,0.054960968494151705,0.6846411192959806,0.5728253607507893,0.44909042058382936,0.5884916970793179,saves/unlearn/tofu/forget05/Llama-2-7b-chat-hf/NPO/lr5e-5_b32_mb8_ga4_e10/checkpoint-60/evals/TOFU_SUMMARY.json
forget05,5e-5,32,8,4,10,checkpoint-7,1.1150402145378719e-05,0.5179592226081358,0.7499705210328103,0.12568321156754828,0.6792145685026721,0.6226497818859932,0.37381138925271856,0.5964649964652976,saves/unlearn/tofu/forget05/Llama-2-7b-chat-hf/NPO/lr5e-5_b32_mb8_ga4_e10/checkpoint-7/evals/TOFU_SUMMARY.json
forget05,5e-5,8,4,2,10,checkpoint-100,0.052139087188847716,0.5404741599737531,0.4676903268136084,0.04788605344068445,0.6763403662701564,0.5448336172189865,0.4033321926059745,0.5597558650882621,saves/unlearn/tofu/forget05/Llama-2-7b-chat-hf/NPO/lr5e-5_b8_mb4_ga2_e10/checkpoint-100/evals/TOFU_SUMMARY.json
forget05,5e-5,8,4,2,10,checkpoint-125,0.0220923622208589,0.5332119309616636,0.4675099998153746,0.04629540169728516,0.669525871196793,0.5216133681235203,0.4120409603856939,0.5219643431756305,saves/unlearn/tofu/forget05/Llama-2-7b-chat-hf/NPO/lr5e-5_b8_mb4_ga2_e10/checkpoint-125/evals/TOFU_SUMMARY.json
forget05,5e-5,8,4,2,10,checkpoint-150,0.008539483949831865,0.5450320715583356,0.4558824328519404,0.0443655660222764,0.6721383793659237,0.539470866543264,0.4142569455171649,0.526807929871256,saves/unlearn/tofu/forget05/Llama-2-7b-chat-hf/NPO/lr5e-5_b8_mb4_ga2_e10/checkpoint-150/evals/TOFU_SUMMARY.json
forget05,5e-5,8,4,2,10,checkpoint-175,0.0297148244707607,0.5546637160998705,0.4656342631392181,0.046327462060152834,0.6768704119433473,0.539238156633504,0.42316680133431545,0.5286443351771382,saves/unlearn/tofu/forget05/Llama-2-7b-chat-hf/NPO/lr5e-5_b8_mb4_ga2_e10/checkpoint-175/evals/TOFU_SUMMARY.json
forget05,5e-5,8,4,2,10,checkpoint-200,0.0297148244707607,0.5609471332980384,0.46312329785898326,0.04713708765432387,0.6750500278399534,0.5425759384798263,0.42686124575055684,0.5330643027391524,saves/unlearn/tofu/forget05/Llama-2-7b-chat-hf/NPO/lr5e-5_b8_mb4_ga2_e10/checkpoint-200/evals/TOFU_SUMMARY.json
forget05,5e-5,8,4,2,10,checkpoint-225,0.016258459276759563,0.5658044781243317,0.4602435381151736,0.047771553352309454,0.6736383689756564,0.5460622015555004,0.42965687751576154,0.5374596486543854,saves/unlearn/tofu/forget05/Llama-2-7b-chat-hf/NPO/lr5e-5_b8_mb4_ga2_e10/checkpoint-225/evals/TOFU_SUMMARY.json
forget05,5e-5,8,4,2,10,checkpoint-25,0.0220923622208589,0.49354630678846456,0.5867800332233309,0.06123607459304191,0.6855697015899742,0.6476593958404748,0.3685204265856906,0.6795999761378025,saves/unlearn/tofu/forget05/Llama-2-7b-chat-hf/NPO/lr5e-5_b8_mb4_ga2_e10/checkpoint-25/evals/TOFU_SUMMARY.json
forget05,5e-5,8,4,2,10,checkpoint-250,0.016258459276759563,0.5661595989001461,0.4611986936070025,0.047967631783682005,0.672957319140649,0.5439144547828727,0.4302386910669187,0.5367407532152648,saves/unlearn/tofu/forget05/Llama-2-7b-chat-hf/NPO/lr5e-5_b8_mb4_ga2_e10/checkpoint-250/evals/TOFU_SUMMARY.json
forget05,5e-5,8,4,2,10,checkpoint-50,0.0297148244707607,0.55120550779351,0.44680867266841234,0.05100746071184419,0.6692692110267509,0.6268188788809005,0.4149743415933035,0.6137762240032214,saves/unlearn/tofu/forget05/Llama-2-7b-chat-hf/NPO/lr5e-5_b8_mb4_ga2_e10/checkpoint-50/evals/TOFU_SUMMARY.json
forget05,5e-5,8,4,2,10,checkpoint-75,0.011843449760085422,0.5347241621369709,0.47380810225382447,0.04378528333148909,0.6709794863404817,0.5470353271783176,0.41667562202847563,0.5758248855287971,saves/unlearn/tofu/forget05/Llama-2-7b-chat-hf/NPO/lr5e-5_b8_mb4_ga2_e10/checkpoint-75/evals/TOFU_SUMMARY.json
forget10,1e-4,16,4,4,10,checkpoint-100,2.1316067663008397e-06,0.4088664845940792,0.347236259682104,0.03771963546782644,0.721022023397114,0.4487482526964966,0.319787192422728,0.5060340377284904,saves/unlearn/tofu/forget10/Llama-2-7b-chat-hf/NPO/lr1e-4_b16_mb4_ga4_e10/checkpoint-100/evals/TOFU_SUMMARY.json
forget10,1e-4,16,4,4,10,checkpoint-125,0.004907932356726081,0.4436464359667849,0.48712274490855634,0.04647491879933214,0.6963171381792372,0.45470484828131785,0.3438346456131257,0.48699716177623287,saves/unlearn/tofu/forget10/Llama-2-7b-chat-hf/NPO/lr1e-4_b16_mb4_ga4_e10/checkpoint-125/evals/TOFU_SUMMARY.json
forget10,1e-4,16,4,4,10,checkpoint-150,0.0017621899205092087,0.4491880153804685,0.45549253388307986,0.039984682859123336,0.7019298778481218,0.48098376543320526,0.35534594854840273,0.5126502175361722,saves/unlearn/tofu/forget10/Llama-2-7b-chat-hf/NPO/lr1e-4_b16_mb4_ga4_e10/checkpoint-150/evals/TOFU_SUMMARY.json
forget10,1e-4,16,4,4,10,checkpoint-175,0.00794521285574355,0.4508067402029292,0.4559874165058136,0.04177024337403673,0.6987384942051438,0.47380133418241727,0.3638580174215076,0.4903771996472863,saves/unlearn/tofu/forget10/Llama-2-7b-chat-hf/NPO/lr1e-4_b16_mb4_ga4_e10/checkpoint-175/evals/TOFU_SUMMARY.json
forget10,1e-4,16,4,4,10,checkpoint-200,0.0017621899205092087,0.4721956113930381,0.44828465356025843,0.04143087445941774,0.6999191104420979,0.47735409412455454,0.36681670405934497,0.4938163481575633,saves/unlearn/tofu/forget10/Llama-2-7b-chat-hf/NPO/lr1e-4_b16_mb4_ga4_e10/checkpoint-200/evals/TOFU_SUMMARY.json
forget10,1e-4,16,4,4,10,checkpoint-225,0.003828187263300835,0.47519085964991803,0.4400534394523129,0.04136821210801618,0.6976603426443336,0.4723906022608124,0.3752994414648018,0.4952196480760972,saves/unlearn/tofu/forget10/Llama-2-7b-chat-hf/NPO/lr1e-4_b16_mb4_ga4_e10/checkpoint-225/evals/TOFU_SUMMARY.json
forget10,1e-4,16,4,4,10,checkpoint-25,0.6405071979325999,0.4789018385613594,0.6001816423377022,0.053476855141737695,0.7068648833822112,0.45559969266916234,0.4090480672123853,0.5362707030702455,saves/unlearn/tofu/forget10/Llama-2-7b-chat-hf/NPO/lr1e-4_b16_mb4_ga4_e10/checkpoint-25/evals/TOFU_SUMMARY.json
forget10,1e-4,16,4,4,10,checkpoint-250,0.00794521285574355,0.4784149306410363,0.44090451098047195,0.04142379287026664,0.6968159033639787,0.47253313514931344,0.37714609278887967,0.495664132331908,saves/unlearn/tofu/forget10/Llama-2-7b-chat-hf/NPO/lr1e-4_b16_mb4_ga4_e10/checkpoint-250/evals/TOFU_SUMMARY.json
forget10,1e-4,16,4,4,10,checkpoint-50,2.7675164465641644e-09,0.4171787167339357,0.358565663122572,0.03762853549410131,0.7440483548228854,0.49833282982644184,0.26845862236090057,0.49625015421459245,saves/unlearn/tofu/forget10/Llama-2-7b-chat-hf/NPO/lr1e-4_b16_mb4_ga4_e10/checkpoint-50/evals/TOFU_SUMMARY.json
forget10,1e-4,16,4,4,10,checkpoint-75,3.596289960343452e-05,0.4139018140095385,0.37223671411862597,0.039304632605447504,0.709234776598856,0.4639752682068975,0.30416320517807605,0.4893549516681364,saves/unlearn/tofu/forget10/Llama-2-7b-chat-hf/NPO/lr1e-4_b16_mb4_ga4_e10/checkpoint-75/evals/TOFU_SUMMARY.json
forget10,1e-4,32,8,4,10,checkpoint-104,0.003828187263300835,0.5077590172014267,0.5456382225546986,0.05299654554739861,0.6719267010973451,0.48165314414375066,0.3801377907853181,0.49212554003902703,saves/unlearn/tofu/forget10/Llama-2-7b-chat-hf/NPO/lr1e-4_b32_mb8_ga4_e10/checkpoint-104/evals/TOFU_SUMMARY.json
forget10,1e-4,32,8,4,10,checkpoint-117,0.004907932356726081,0.5069439824812549,0.5445679812971502,0.05281641778738045,0.6716966317184392,0.4801752722812924,0.3822428740363192,0.4914449868581536,saves/unlearn/tofu/forget10/Llama-2-7b-chat-hf/NPO/lr1e-4_b32_mb8_ga4_e10/checkpoint-117/evals/TOFU_SUMMARY.json
forget10,1e-4,32,8,4,10,checkpoint-120,0.004907932356726081,0.5072957400062491,0.5444261210085825,0.05283684262398175,0.6714700879812583,0.4793762356815651,0.38241253454814694,0.4922291096793083,saves/unlearn/tofu/forget10/Llama-2-7b-chat-hf/NPO/lr1e-4_b32_mb8_ga4_e10/checkpoint-120/evals/TOFU_SUMMARY.json
forget10,1e-4,32,8,4,10,checkpoint-13,0.04457247091405896,0.4346822886339962,0.6438207551091909,0.052286426056862595,0.7298091719482277,0.4620055489343665,0.3228186130178817,0.5015670465718776,saves/unlearn/tofu/forget10/Llama-2-7b-chat-hf/NPO/lr1e-4_b32_mb8_ga4_e10/checkpoint-13/evals/TOFU_SUMMARY.json
forget10,1e-4,32,8,4,10,checkpoint-26,5.0026003627463854e-05,0.4806387044620564,0.5250119410082698,0.04708772319760667,0.6879687008228046,0.5645456017705542,0.3537676950197388,0.5801961606825538,saves/unlearn/tofu/forget10/Llama-2-7b-chat-hf/NPO/lr1e-4_b32_mb8_ga4_e10/checkpoint-26/evals/TOFU_SUMMARY.json
forget10,1e-4,32,8,4,10,checkpoint-39,0.0003254839625295495,0.4728744952004341,0.5121245475299656,0.04566393720255766,0.6892809235865396,0.48327416765667025,0.3467582073350365,0.5141247073937384,saves/unlearn/tofu/forget10/Llama-2-7b-chat-hf/NPO/lr1e-4_b32_mb8_ga4_e10/checkpoint-39/evals/TOFU_SUMMARY.json
forget10,1e-4,32,8,4,10,checkpoint-52,2.5720789009736948e-05,0.4818925091663418,0.5212880962528288,0.04876107614628289,0.6968618502411542,0.4786052176285237,0.35216179091915295,0.5184158246981042,saves/unlearn/tofu/forget10/Llama-2-7b-chat-hf/NPO/lr1e-4_b32_mb8_ga4_e10/checkpoint-52/evals/TOFU_SUMMARY.json
forget10,1e-4,32,8,4,10,checkpoint-65,0.0017621899205092087,0.4876756712207632,0.527928930465132,0.05198268147147579,0.6821759564952256,0.4921639602441279,0.35557756305689964,0.5063368194318901,saves/unlearn/tofu/forget10/Llama-2-7b-chat-hf/NPO/lr1e-4_b32_mb8_ga4_e10/checkpoint-65/evals/TOFU_SUMMARY.json
forget10,1e-4,32,8,4,10,checkpoint-78,0.01260422744087484,0.49784252323031564,0.5481051945500076,0.0517923345305584,0.674594184800386,0.5023377077736535,0.373756849081722,0.5052803507342677,saves/unlearn/tofu/forget10/Llama-2-7b-chat-hf/NPO/lr1e-4_b32_mb8_ga4_e10/checkpoint-78/evals/TOFU_SUMMARY.json
forget10,1e-4,32,8,4,10,checkpoint-91,0.00794521285574355,0.5059240332686425,0.5474092415906489,0.05393671642389401,0.6756234371952015,0.5000657779234233,0.3782668891390253,0.499459424049024,saves/unlearn/tofu/forget10/Llama-2-7b-chat-hf/NPO/lr1e-4_b32_mb8_ga4_e10/checkpoint-91/evals/TOFU_SUMMARY.json
forget10,1e-4,8,4,2,10,checkpoint-100,6.923241573443553e-05,0.36536232882203873,0.46620257494039835,0.04387263594465219,0.7379523178235697,0.4931689261026095,0.2529428016404905,0.4958831631592605,saves/unlearn/tofu/forget10/Llama-2-7b-chat-hf/NPO/lr1e-4_b8_mb4_ga2_e10/checkpoint-100/evals/TOFU_SUMMARY.json
forget10,1e-4,8,4,2,10,checkpoint-150,0.010032513978788836,0.38124261630981005,0.48591956038028,0.04454280704604107,0.7251537012778713,0.44700102842437744,0.28829680994659507,0.46900206756174695,saves/unlearn/tofu/forget10/Llama-2-7b-chat-hf/NPO/lr1e-4_b8_mb4_ga2_e10/checkpoint-150/evals/TOFU_SUMMARY.json
forget10,1e-4,8,4,2,10,checkpoint-200,0.0005832940307390987,0.36062336038583287,0.47469844384584575,0.046167462360929175,0.7281972030457164,0.4388887129272468,0.30122416309858635,0.4677556089936104,saves/unlearn/tofu/forget10/Llama-2-7b-chat-hf/NPO/lr1e-4_b8_mb4_ga2_e10/checkpoint-200/evals/TOFU_SUMMARY.json
forget10,1e-4,8,4,2,10,checkpoint-250,0.00794521285574355,0.3729212519908584,0.4907147234166041,0.0460949245349694,0.7178783467662734,0.43184154759351334,0.3323244339218675,0.4498402260568423,saves/unlearn/tofu/forget10/Llama-2-7b-chat-hf/NPO/lr1e-4_b8_mb4_ga2_e10/checkpoint-250/evals/TOFU_SUMMARY.json
forget10,1e-4,8,4,2,10,checkpoint-300,0.006260402267679663,0.3682588644902851,0.49035501760430633,0.04654599507099552,0.7111843685284768,0.40414607044156137,0.3523200660525748,0.4520764397393248,saves/unlearn/tofu/forget10/Llama-2-7b-chat-hf/NPO/lr1e-4_b8_mb4_ga2_e10/checkpoint-300/evals/TOFU_SUMMARY.json
forget10,1e-4,8,4,2,10,checkpoint-350,0.06521994354498474,0.4030680145500166,0.4924336952948943,0.04636885642091668,0.7063808140295467,0.4236435208655922,0.36198623797132057,0.45706200635856,saves/unlearn/tofu/forget10/Llama-2-7b-chat-hf/NPO/lr1e-4_b8_mb4_ga2_e10/checkpoint-350/evals/TOFU_SUMMARY.json
forget10,1e-4,8,4,2,10,checkpoint-400,0.15461291961180293,0.4274755709389771,0.4936245064903051,0.046122008322902544,0.7006521207770063,0.436227956316568,0.370875013608982,0.4622656520145242,saves/unlearn/tofu/forget10/Llama-2-7b-chat-hf/NPO/lr1e-4_b8_mb4_ga2_e10/checkpoint-400/evals/TOFU_SUMMARY.json
forget10,1e-4,8,4,2,10,checkpoint-450,0.15461291961180293,0.43424151383924764,0.4912896298384294,0.04726804994310113,0.698900044513678,0.43970647981943656,0.37707096452996924,0.4629310993485029,saves/unlearn/tofu/forget10/Llama-2-7b-chat-hf/NPO/lr1e-4_b8_mb4_ga2_e10/checkpoint-450/evals/TOFU_SUMMARY.json
forget10,1e-4,8,4,2,10,checkpoint-50,0.0005832940307390987,0.44498659346526825,0.5161705352598801,0.0517573954954718,0.7151602467342897,0.651998147908439,0.2913604435202533,0.601790490545736,saves/unlearn/tofu/forget10/Llama-2-7b-chat-hf/NPO/lr1e-4_b8_mb4_ga2_e10/checkpoint-50/evals/TOFU_SUMMARY.json
forget10,1e-4,8,4,2,10,checkpoint-500,0.18096072488295206,0.4358629669672941,0.49126711134798823,0.047747823420288625,0.6970786939009423,0.44265557759838126,0.37863861888214345,0.46334779961824957,saves/unlearn/tofu/forget10/Llama-2-7b-chat-hf/NPO/lr1e-4_b8_mb4_ga2_e10/checkpoint-500/evals/TOFU_SUMMARY.json
forget10,1e-5,16,4,4,10,checkpoint-100,1.6558004532094654e-18,0.5121731775713554,0.9189101669192314,0.31685950405979524,0.5911676277349636,0.5390929617936986,0.4183759516430575,0.5027200203807726,saves/unlearn/tofu/forget10/Llama-2-7b-chat-hf/NPO/lr1e-5_b16_mb4_ga4_e10/checkpoint-100/evals/TOFU_SUMMARY.json
forget10,1e-5,16,4,4,10,checkpoint-125,4.2392996435511593e-17,0.519263508285286,0.9148130729794502,0.3067775442259602,0.5929840736708192,0.5395458521370132,0.416354174147106,0.5020297440941912,saves/unlearn/tofu/forget10/Llama-2-7b-chat-hf/NPO/lr1e-5_b16_mb4_ga4_e10/checkpoint-125/evals/TOFU_SUMMARY.json
forget10,1e-5,16,4,4,10,checkpoint-150,2.776495661774257e-16,0.5310131576979586,0.9101312084496022,0.29871460556871504,0.5977393715491854,0.5382525042619787,0.42183014542684516,0.5014722417182015,saves/unlearn/tofu/forget10/Llama-2-7b-chat-hf/NPO/lr1e-5_b16_mb4_ga4_e10/checkpoint-150/evals/TOFU_SUMMARY.json
forget10,1e-5,16,4,4,10,checkpoint-175,1.4921665744660114e-16,0.5287315472350611,0.9090747620165348,0.29166063753737603,0.5970825087412286,0.5422142013463579,0.4184018592080275,0.5027135331419919,saves/unlearn/tofu/forget10/Llama-2-7b-chat-hf/NPO/lr1e-5_b16_mb4_ga4_e10/checkpoint-175/evals/TOFU_SUMMARY.json
forget10,1e-5,16,4,4,10,checkpoint-200,1.4921665744660114e-16,0.5308406745227193,0.9088844126462936,0.28773455305690965,0.5987768380370759,0.5367038742548984,0.41996635811169336,0.49992248071660483,saves/unlearn/tofu/forget10/Llama-2-7b-chat-hf/NPO/lr1e-5_b16_mb4_ga4_e10/checkpoint-200/evals/TOFU_SUMMARY.json
forget10,1e-5,16,4,4,10,checkpoint-225,2.776495661774257e-16,0.5323520097537673,0.9088548064231873,0.2850682434129031,0.5973584121067926,0.5365894822004347,0.42223028401930707,0.5009790344252101,saves/unlearn/tofu/forget10/Llama-2-7b-chat-hf/NPO/lr1e-5_b16_mb4_ga4_e10/checkpoint-225/evals/TOFU_SUMMARY.json
forget10,1e-5,16,4,4,10,checkpoint-25,4.059470396507229e-26,0.6299387105502458,0.9925607451796532,0.9002641992988427,0.5304211027870263,0.617589509568445,0.45618138519378104,0.5547521988887533,saves/unlearn/tofu/forget10/Llama-2-7b-chat-hf/NPO/lr1e-5_b16_mb4_ga4_e10/checkpoint-25/evals/TOFU_SUMMARY.json
forget10,1e-5,16,4,4,10,checkpoint-250,9.456104707095184e-16,0.5329433904892941,0.9089755293726921,0.28664988076737186,0.5978539011271582,0.5352315340232152,0.42337912949254575,0.5016124363687797,saves/unlearn/tofu/forget10/Llama-2-7b-chat-hf/NPO/lr1e-5_b16_mb4_ga4_e10/checkpoint-250/evals/TOFU_SUMMARY.json
forget10,1e-5,16,4,4,10,checkpoint-50,1.876936326891253e-22,0.5596682508657459,0.9692630434036255,0.5743675557785263,0.5660327674683687,0.5987825400748288,0.44120304281846434,0.5420323588735431,saves/unlearn/tofu/forget10/Llama-2-7b-chat-hf/NPO/lr1e-5_b16_mb4_ga4_e10/checkpoint-50/evals/TOFU_SUMMARY.json
forget10,1e-5,16,4,4,10,checkpoint-75,8.513756583610105e-19,0.5216427440408992,0.9268349635601044,0.33744572770370695,0.5875520583842735,0.5445790056694677,0.41681368363364885,0.5057061959199063,saves/unlearn/tofu/forget10/Llama-2-7b-chat-hf/NPO/lr1e-5_b16_mb4_ga4_e10/checkpoint-75/evals/TOFU_SUMMARY.json
forget10,1e-5,32,8,4,10,checkpoint-104,8.513756583610105e-19,0.5218554661375819,0.9221864002943039,0.3305174707697452,0.5849511314734259,0.559432391588739,0.4239794402331165,0.5057560828842177,saves/unlearn/tofu/forget10/Llama-2-7b-chat-hf/NPO/lr1e-5_b32_mb8_ga4_e10/checkpoint-104/evals/TOFU_SUMMARY.json
forget10,1e-5,32,8,4,10,checkpoint-117,8.513756583610105e-19,0.5226472171562773,0.9224245496094227,0.3281419073614049,0.5870913367565549,0.5595574975192801,0.425297526625903,0.5067503933111174,saves/unlearn/tofu/forget10/Llama-2-7b-chat-hf/NPO/lr1e-5_b32_mb8_ga4_e10/checkpoint-117/evals/TOFU_SUMMARY.json
forget10,1e-5,32,8,4,10,checkpoint-120,4.353260441808186e-19,0.5224423713577515,0.9225756691396236,0.3273120998753474,0.5879913719447226,0.5594871144655427,0.424845413510142,0.5056143416660748,saves/unlearn/tofu/forget10/Llama-2-7b-chat-hf/NPO/lr1e-5_b32_mb8_ga4_e10/checkpoint-120/evals/TOFU_SUMMARY.json
forget10,1e-5,32,8,4,10,checkpoint-13,1.9834474538770552e-25,0.6300701891040577,0.992780441492796,0.9037163625311555,0.5278884319080316,0.6163310765680525,0.45729518495690724,0.5543982847078416,saves/unlearn/tofu/forget10/Llama-2-7b-chat-hf/NPO/lr1e-5_b32_mb8_ga4_e10/checkpoint-13/evals/TOFU_SUMMARY.json
forget10,1e-5,32,8,4,10,checkpoint-26,4.416671697087842e-24,0.6237750984881014,0.9745903968811035,0.6694959351302284,0.5516772868906734,0.6184173574929331,0.44969235248915823,0.5610850481095792,saves/unlearn/tofu/forget10/Llama-2-7b-chat-hf/NPO/lr1e-5_b32_mb8_ga4_e10/checkpoint-26/evals/TOFU_SUMMARY.json
forget10,1e-5,32,8,4,10,checkpoint-39,3.9054713571083378e-22,0.5721550327889455,0.9626775206625462,0.5482332485361135,0.5660881912609375,0.6115814256898664,0.44167716201297713,0.544467202182252,saves/unlearn/tofu/forget10/Llama-2-7b-chat-hf/NPO/lr1e-5_b32_mb8_ga4_e10/checkpoint-39/evals/TOFU_SUMMARY.json
forget10,1e-5,32,8,4,10,checkpoint-52,1.3990395281788573e-20,0.5400018256757191,0.9467248094081878,0.429047774298048,0.5796828866350752,0.5954962932877956,0.4315364108581996,0.5315287417656236,saves/unlearn/tofu/forget10/Llama-2-7b-chat-hf/NPO/lr1e-5_b32_mb8_ga4_e10/checkpoint-52/evals/TOFU_SUMMARY.json
forget10,1e-5,32,8,4,10,checkpoint-65,2.213522258546535e-19,0.5274601026909695,0.9301181465387345,0.3577798340297694,0.5859356935793495,0.5724693015418557,0.42604651095874757,0.5143904936802872,saves/unlearn/tofu/forget10/Llama-2-7b-chat-hf/NPO/lr1e-5_b32_mb8_ga4_e10/checkpoint-65/evals/TOFU_SUMMARY.json
forget10,1e-5,32,8,4,10,checkpoint-78,2.213522258546535e-19,0.520606405854931,0.9241974845528602,0.33786951290881895,0.5868698122231403,0.5640461802559662,0.427424314565331,0.5074460987246829,saves/unlearn/tofu/forget10/Llama-2-7b-chat-hf/NPO/lr1e-5_b32_mb8_ga4_e10/checkpoint-78/evals/TOFU_SUMMARY.json
forget10,1e-5,32,8,4,10,checkpoint-91,2.213522258546535e-19,0.5231219571972054,0.9231236010789872,0.3337928797251811,0.5866019839864711,0.5594352844929946,0.42202516499410747,0.5068501988983773,saves/unlearn/tofu/forget10/Llama-2-7b-chat-hf/NPO/lr1e-5_b32_mb8_ga4_e10/checkpoint-91/evals/TOFU_SUMMARY.json
forget10,1e-5,8,4,2,10,checkpoint-100,2.776495661774257e-16,0.5300801299067631,0.9145540492236615,0.3093696706607826,0.6181928269705375,0.6088383819190043,0.397214857592944,0.5482620693362626,saves/unlearn/tofu/forget10/Llama-2-7b-chat-hf/NPO/lr1e-5_b8_mb4_ga2_e10/checkpoint-100/evals/TOFU_SUMMARY.json
forget10,1e-5,8,4,2,10,checkpoint-150,1.7928838057651826e-13,0.5297364918021555,0.8846551479399204,0.23879521437480491,0.6261615115357781,0.5790891507810169,0.3919561586956206,0.5336368367668258,saves/unlearn/tofu/forget10/Llama-2-7b-chat-hf/NPO/lr1e-5_b8_mb4_ga2_e10/checkpoint-150/evals/TOFU_SUMMARY.json
forget10,1e-5,8,4,2,10,checkpoint-200,9.344235949852775e-13,0.5307785943047878,0.8767773570120334,0.22983349525798455,0.6275770558758967,0.5690199839621894,0.394286356570758,0.5294377299535618,saves/unlearn/tofu/forget10/Llama-2-7b-chat-hf/NPO/lr1e-5_b8_mb4_ga2_e10/checkpoint-200/evals/TOFU_SUMMARY.json
forget10,1e-5,8,4,2,10,checkpoint-250,6.027592497096867e-11,0.540775425276253,0.8757169924676418,0.2247554214292005,0.6342726785750764,0.5664965171963562,0.4010308259291597,0.5287481112085556,saves/unlearn/tofu/forget10/Llama-2-7b-chat-hf/NPO/lr1e-5_b8_mb4_ga2_e10/checkpoint-250/evals/TOFU_SUMMARY.json
forget10,1e-5,8,4,2,10,checkpoint-300,3.647961791830168e-11,0.5524455349891826,0.8821513943374157,0.23299223840624478,0.6325522753639753,0.5669656381482969,0.40934764313143235,0.528016449834418,saves/unlearn/tofu/forget10/Llama-2-7b-chat-hf/NPO/lr1e-5_b8_mb4_ga2_e10/checkpoint-300/evals/TOFU_SUMMARY.json
forget10,1e-5,8,4,2,10,checkpoint-350,6.027592497096867e-11,0.5546295253050961,0.8845117546617984,0.23390090436157776,0.6318288642032046,0.5643404284146464,0.41229055925723274,0.5267064602445506,saves/unlearn/tofu/forget10/Llama-2-7b-chat-hf/NPO/lr1e-5_b8_mb4_ga2_e10/checkpoint-350/evals/TOFU_SUMMARY.json
forget10,1e-5,8,4,2,10,checkpoint-400,2.196072998681761e-11,0.5590764251314098,0.886430218666792,0.23422197497657846,0.6273578421042693,0.5683536974826775,0.41367098858276835,0.5278887070412774,saves/unlearn/tofu/forget10/Llama-2-7b-chat-hf/NPO/lr1e-5_b8_mb4_ga2_e10/checkpoint-400/evals/TOFU_SUMMARY.json
forget10,1e-5,8,4,2,10,checkpoint-450,3.647961791830168e-11,0.5601244091894538,0.8875503098964691,0.23987524705877536,0.630151275101944,0.5685106887490593,0.41625264937361445,0.5270300736864413,saves/unlearn/tofu/forget10/Llama-2-7b-chat-hf/NPO/lr1e-5_b8_mb4_ga2_e10/checkpoint-450/evals/TOFU_SUMMARY.json
forget10,1e-5,8,4,2,10,checkpoint-50,9.46850627170962e-25,0.6323367011996336,0.986787981390953,0.8175184646061314,0.545658195802741,0.6253890073417867,0.44896253057706376,0.5633444856886352,saves/unlearn/tofu/forget10/Llama-2-7b-chat-hf/NPO/lr1e-5_b8_mb4_ga2_e10/checkpoint-50/evals/TOFU_SUMMARY.json
forget10,1e-5,8,4,2,10,checkpoint-500,1.6196210141854015e-10,0.5610342709345932,0.8870115564763545,0.23590687625323503,0.6299746738756717,0.5687116992976908,0.41658820350176157,0.5276204991366448,saves/unlearn/tofu/forget10/Llama-2-7b-chat-hf/NPO/lr1e-5_b8_mb4_ga2_e10/checkpoint-500/evals/TOFU_SUMMARY.json
forget10,2e-5,16,4,4,10,checkpoint-100,7.832452544383501e-12,0.5689667304384082,0.8599094013869762,0.18271575354963068,0.6084332773980493,0.5578695361302107,0.4500676817322713,0.5080249235145515,saves/unlearn/tofu/forget10/Llama-2-7b-chat-hf/NPO/lr2e-5_b16_mb4_ga4_e10/checkpoint-100/evals/TOFU_SUMMARY.json
forget10,2e-5,16,4,4,10,checkpoint-125,2.5496506594547965e-08,0.5900752249317681,0.8471886613219977,0.1797847537138181,0.6225291927336213,0.6002057534911099,0.4586621318200546,0.519727744451515,saves/unlearn/tofu/forget10/Llama-2-7b-chat-hf/NPO/lr2e-5_b16_mb4_ga4_e10/checkpoint-125/evals/TOFU_SUMMARY.json
forget10,2e-5,16,4,4,10,checkpoint-150,4.5846770167841434e-07,0.606453327452264,0.8357040319591761,0.17214602069608148,0.6144787923453238,0.6316947680999838,0.45987141682763905,0.5328005685770607,saves/unlearn/tofu/forget10/Llama-2-7b-chat-hf/NPO/lr2e-5_b16_mb4_ga4_e10/checkpoint-150/evals/TOFU_SUMMARY.json
forget10,2e-5,16,4,4,10,checkpoint-175,2.1316067663008397e-06,0.6075310800113142,0.8334075114130974,0.17118764406925926,0.612014415391746,0.624933677042968,0.46343991999824136,0.5331901807977045,saves/unlearn/tofu/forget10/Llama-2-7b-chat-hf/NPO/lr2e-5_b16_mb4_ga4_e10/checkpoint-175/evals/TOFU_SUMMARY.json
forget10,2e-5,16,4,4,10,checkpoint-200,3.089852009867272e-06,0.6082828867643485,0.8328137853741646,0.17449054185395682,0.6097217231917087,0.6252017878434198,0.4639778709796061,0.5349505067947107,saves/unlearn/tofu/forget10/Llama-2-7b-chat-hf/NPO/lr2e-5_b16_mb4_ga4_e10/checkpoint-200/evals/TOFU_SUMMARY.json
forget10,2e-5,16,4,4,10,checkpoint-225,9.9886659393885e-07,0.6077556206684815,0.832311642691493,0.1733075574337878,0.6094194306396254,0.6247123553836209,0.46441202070676996,0.5339525225362927,saves/unlearn/tofu/forget10/Llama-2-7b-chat-hf/NPO/lr2e-5_b16_mb4_ga4_e10/checkpoint-225/evals/TOFU_SUMMARY.json
forget10,2e-5,16,4,4,10,checkpoint-25,4.416671697087842e-24,0.5956973147451247,0.9668979740142822,0.5781137695005794,0.5600413984727224,0.6085800663407465,0.44569122349375,0.5551243042997654,saves/unlearn/tofu/forget10/Llama-2-7b-chat-hf/NPO/lr2e-5_b16_mb4_ga4_e10/checkpoint-25/evals/TOFU_SUMMARY.json
forget10,2e-5,16,4,4,10,checkpoint-250,9.9886659393885e-07,0.6082977498042196,0.833208272010088,0.17497319361218877,0.6062540433717003,0.625321556378762,0.46422803035135374,0.5342917726944364,saves/unlearn/tofu/forget10/Llama-2-7b-chat-hf/NPO/lr2e-5_b16_mb4_ga4_e10/checkpoint-250/evals/TOFU_SUMMARY.json
forget10,2e-5,16,4,4,10,checkpoint-50,2.776495661774257e-16,0.5137712289435845,0.8541885428130627,0.18287055572887131,0.6275761876583921,0.5497604604961684,0.40099822629719106,0.5139850487449622,saves/unlearn/tofu/forget10/Llama-2-7b-chat-hf/NPO/lr2e-5_b16_mb4_ga4_e10/checkpoint-50/evals/TOFU_SUMMARY.json
forget10,2e-5,16,4,4,10,checkpoint-75,1.6027740307205098e-12,0.533563827242722,0.8503579436242581,0.17453641376044943,0.6292852558147447,0.5497936624933704,0.4168796634479402,0.5122627350558867,saves/unlearn/tofu/forget10/Llama-2-7b-chat-hf/NPO/lr2e-5_b16_mb4_ga4_e10/checkpoint-75/evals/TOFU_SUMMARY.json
forget10,2e-5,32,8,4,10,checkpoint-104,0.07829787069468755,0.6320701946378259,0.6408739508502186,0.07234574935805664,0.6806591770435594,0.619220870137849,0.4783534632402652,0.5632788914275555,saves/unlearn/tofu/forget10/Llama-2-7b-chat-hf/NPO/lr2e-5_b32_mb8_ga4_e10/checkpoint-104/evals/TOFU_SUMMARY.json
forget10,2e-5,32,8,4,10,checkpoint-117,0.07829787069468755,0.6325668870871,0.6394130826741456,0.07268006017483698,0.6807232098586433,0.6188983962255232,0.47861429988787535,0.5628873636321033,saves/unlearn/tofu/forget10/Llama-2-7b-chat-hf/NPO/lr2e-5_b32_mb8_ga4_e10/checkpoint-117/evals/TOFU_SUMMARY.json
forget10,2e-5,32,8,4,10,checkpoint-120,0.07829787069468755,0.6319443834075853,0.6401119356043636,0.07186634876247705,0.6803596419037286,0.6182002792687075,0.4787348499221277,0.5617102500733406,saves/unlearn/tofu/forget10/Llama-2-7b-chat-hf/NPO/lr2e-5_b32_mb8_ga4_e10/checkpoint-120/evals/TOFU_SUMMARY.json
forget10,2e-5,32,8,4,10,checkpoint-13,9.46850627170962e-25,0.6262350712948551,0.9706592367589474,0.6496135997126475,0.560489069206041,0.6218428136977776,0.4438445911973649,0.5688260034025655,saves/unlearn/tofu/forget10/Llama-2-7b-chat-hf/NPO/lr2e-5_b32_mb8_ga4_e10/checkpoint-13/evals/TOFU_SUMMARY.json
forget10,2e-5,32,8,4,10,checkpoint-26,6.027592497096867e-11,0.5031178868706525,0.7752689604461193,0.117452024055792,0.6875079761942671,0.621352869941472,0.3408622377807963,0.5861401579820952,saves/unlearn/tofu/forget10/Llama-2-7b-chat-hf/NPO/lr2e-5_b32_mb8_ga4_e10/checkpoint-26/evals/TOFU_SUMMARY.json
forget10,2e-5,32,8,4,10,checkpoint-39,9.074891594369707e-08,0.5182281378949615,0.733948345258832,0.09291750288887447,0.6956024033197766,0.6037952176732887,0.37488814860424796,0.5882491709478788,saves/unlearn/tofu/forget10/Llama-2-7b-chat-hf/NPO/lr2e-5_b32_mb8_ga4_e10/checkpoint-39/evals/TOFU_SUMMARY.json
forget10,2e-5,32,8,4,10,checkpoint-52,9.532297003197859e-05,0.5797741902778832,0.6894792542606593,0.08031070210476163,0.6773197512055402,0.618910630341281,0.4518887481645244,0.5980104894014787,saves/unlearn/tofu/forget10/Llama-2-7b-chat-hf/NPO/lr2e-5_b32_mb8_ga4_e10/checkpoint-52/evals/TOFU_SUMMARY.json
forget10,2e-5,32,8,4,10,checkpoint-65,0.00794521285574355,0.5981500636815607,0.6623872563242912,0.0750528210985784,0.677472661024701,0.5991592070064398,0.47808022427161,0.5627369667466616,saves/unlearn/tofu/forget10/Llama-2-7b-chat-hf/NPO/lr2e-5_b32_mb8_ga4_e10/checkpoint-65/evals/TOFU_SUMMARY.json
forget10,2e-5,32,8,4,10,checkpoint-78,0.019594795142993927,0.6272686261377955,0.6548268572986126,0.0772973002685699,0.6784973505324499,0.6176611188961071,0.4754401283857134,0.567157103344071,saves/unlearn/tofu/forget10/Llama-2-7b-chat-hf/NPO/lr2e-5_b32_mb8_ga4_e10/checkpoint-78/evals/TOFU_SUMMARY.json
forget10,2e-5,32,8,4,10,checkpoint-91,0.036569856408414286,0.6330621635853376,0.6433076413534582,0.07262005723099149,0.6812805461666903,0.6234591454825423,0.4770378363136696,0.5672546620475641,saves/unlearn/tofu/forget10/Llama-2-7b-chat-hf/NPO/lr2e-5_b32_mb8_ga4_e10/checkpoint-91/evals/TOFU_SUMMARY.json
forget10,2e-5,8,4,2,10,checkpoint-100,2.734462451060329e-12,0.5300926593484258,0.8514007899165154,0.1741663371435558,0.6068027866297041,0.5209448732012418,0.43374129628507757,0.5043862612069809,saves/unlearn/tofu/forget10/Llama-2-7b-chat-hf/NPO/lr2e-5_b8_mb4_ga2_e10/checkpoint-100/evals/TOFU_SUMMARY.json
forget10,2e-5,8,4,2,10,checkpoint-150,9.9886659393885e-07,0.5800368078972522,0.7916184369474649,0.12040487898627605,0.6174138076195219,0.5576829942315255,0.4560010415671639,0.52653133422745,saves/unlearn/tofu/forget10/Llama-2-7b-chat-hf/NPO/lr2e-5_b8_mb4_ga2_e10/checkpoint-150/evals/TOFU_SUMMARY.json
forget10,2e-5,8,4,2,10,checkpoint-200,9.532297003197859e-05,0.6074952769162697,0.7112215735204518,0.09371091680901081,0.6079825190310971,0.609943365765699,0.4665932760139906,0.556205165319725,saves/unlearn/tofu/forget10/Llama-2-7b-chat-hf/NPO/lr2e-5_b8_mb4_ga2_e10/checkpoint-200/evals/TOFU_SUMMARY.json
forget10,2e-5,8,4,2,10,checkpoint-250,0.0005832940307390987,0.6179974571578342,0.7181650131754577,0.10014892526133537,0.60393278721897,0.6405547634925308,0.4647027567602383,0.5643687327757265,saves/unlearn/tofu/forget10/Llama-2-7b-chat-hf/NPO/lr2e-5_b8_mb4_ga2_e10/checkpoint-250/evals/TOFU_SUMMARY.json
forget10,2e-5,8,4,2,10,checkpoint-300,0.0029708770428139948,0.6166357964039587,0.689423549035564,0.09034769413249025,0.6116249541590029,0.6342458174743942,0.46757750181736296,0.5577951876655982,saves/unlearn/tofu/forget10/Llama-2-7b-chat-hf/NPO/lr2e-5_b8_mb4_ga2_e10/checkpoint-300/evals/TOFU_SUMMARY.json
forget10,2e-5,8,4,2,10,checkpoint-350,0.0022938851536275073,0.6198859389637691,0.6843142421683297,0.09200099635038413,0.6113822898078819,0.6350471184221095,0.46426860401636794,0.5608434420005779,saves/unlearn/tofu/forget10/Llama-2-7b-chat-hf/NPO/lr2e-5_b8_mb4_ga2_e10/checkpoint-350/evals/TOFU_SUMMARY.json
forget10,2e-5,8,4,2,10,checkpoint-400,0.0013468720321565051,0.6223962013092861,0.6865510671632364,0.09487796052786411,0.6098939865149063,0.6319661307608664,0.46505555247142466,0.5645679929904565,saves/unlearn/tofu/forget10/Llama-2-7b-chat-hf/NPO/lr2e-5_b8_mb4_ga2_e10/checkpoint-400/evals/TOFU_SUMMARY.json
forget10,2e-5,8,4,2,10,checkpoint-450,0.0013468720321565051,0.6233199314753086,0.6847906133113429,0.09504261452090218,0.6083898124680053,0.6318188720671544,0.46579158287961414,0.5638030646570269,saves/unlearn/tofu/forget10/Llama-2-7b-chat-hf/NPO/lr2e-5_b8_mb4_ga2_e10/checkpoint-450/evals/TOFU_SUMMARY.json
forget10,2e-5,8,4,2,10,checkpoint-50,4.353260441808186e-19,0.4949925764985035,0.9353502181172371,0.37427191622461564,0.5761275985615458,0.5740785627850599,0.43404392793321406,0.5155342385473188,saves/unlearn/tofu/forget10/Llama-2-7b-chat-hf/NPO/lr2e-5_b8_mb4_ga2_e10/checkpoint-50/evals/TOFU_SUMMARY.json
forget10,2e-5,8,4,2,10,checkpoint-500,0.0029708770428139948,0.6226284815311474,0.6851465021912009,0.09443965679573349,0.608936312961188,0.629836027873072,0.4658495043921056,0.5633657108316464,saves/unlearn/tofu/forget10/Llama-2-7b-chat-hf/NPO/lr2e-5_b8_mb4_ga2_e10/checkpoint-500/evals/TOFU_SUMMARY.json
forget10,5e-5,16,4,4,10,checkpoint-100,1.2955312948811258e-05,0.5470662564167331,0.5037985986261628,0.046688484987309396,0.6947075368559357,0.6131983143157369,0.3945811047000935,0.5424888189098374,saves/unlearn/tofu/forget10/Llama-2-7b-chat-hf/NPO/lr5e-5_b16_mb4_ga4_e10/checkpoint-100/evals/TOFU_SUMMARY.json
forget10,5e-5,16,4,4,10,checkpoint-125,0.0022938851536275073,0.5414464389458242,0.5224457285995595,0.049223004118341136,0.6908231117807375,0.5851929593284868,0.40342005459108593,0.5139893666286874,saves/unlearn/tofu/forget10/Llama-2-7b-chat-hf/NPO/lr5e-5_b16_mb4_ga4_e10/checkpoint-125/evals/TOFU_SUMMARY.json
forget10,5e-5,16,4,4,10,checkpoint-150,0.0005832940307390987,0.5533233155148305,0.5189535354892724,0.047832305913296104,0.6936990706841516,0.5894957212330987,0.41793060316411074,0.5159602789782061,saves/unlearn/tofu/forget10/Llama-2-7b-chat-hf/NPO/lr5e-5_b16_mb4_ga4_e10/checkpoint-150/evals/TOFU_SUMMARY.json
forget10,5e-5,16,4,4,10,checkpoint-175,0.0005832940307390987,0.5578206657982088,0.5146949687669985,0.047369540927697476,0.6890125888593613,0.5786388226976853,0.424443640006927,0.5102271761014503,saves/unlearn/tofu/forget10/Llama-2-7b-chat-hf/NPO/lr5e-5_b16_mb4_ga4_e10/checkpoint-175/evals/TOFU_SUMMARY.json
forget10,5e-5,16,4,4,10,checkpoint-200,0.0007748993373290397,0.5640445690051598,0.5153410583711229,0.04683772270816979,0.6849062177116316,0.5800866616857656,0.42678365889380315,0.5098720182384343,saves/unlearn/tofu/forget10/Llama-2-7b-chat-hf/NPO/lr5e-5_b16_mb4_ga4_e10/checkpoint-200/evals/TOFU_SUMMARY.json
forget10,5e-5,16,4,4,10,checkpoint-225,0.0017621899205092087,0.5670611830615016,0.5165401851409115,0.04818487772864948,0.6859739934979294,0.5822933204072487,0.43040468841405577,0.509864558078827,saves/unlearn/tofu/forget10/Llama-2-7b-chat-hf/NPO/lr5e-5_b16_mb4_ga4_e10/checkpoint-225/evals/TOFU_SUMMARY.json
forget10,5e-5,16,4,4,10,checkpoint-25,4.5846770167841434e-07,0.47652433737973005,0.7345256167650223,0.08491308622065312,0.6798305903504219,0.5676951776285901,0.35275987076383186,0.529646156701359,saves/unlearn/tofu/forget10/Llama-2-7b-chat-hf/NPO/lr5e-5_b16_mb4_ga4_e10/checkpoint-25/evals/TOFU_SUMMARY.json
forget10,5e-5,16,4,4,10,checkpoint-250,0.0013468720321565051,0.5670989483007242,0.5158690269826911,0.049496240719329364,0.6854548080724663,0.5836694989247367,0.4308968284899795,0.5103446292357324,saves/unlearn/tofu/forget10/Llama-2-7b-chat-hf/NPO/lr5e-5_b16_mb4_ga4_e10/checkpoint-250/evals/TOFU_SUMMARY.json
forget10,5e-5,16,4,4,10,checkpoint-50,0.004907932356726081,0.5241356982094562,0.5942701226100325,0.052968468669800206,0.7091946661460176,0.5578205982242715,0.3855275775072063,0.5376530110990682,saves/unlearn/tofu/forget10/Llama-2-7b-chat-hf/NPO/lr5e-5_b16_mb4_ga4_e10/checkpoint-50/evals/TOFU_SUMMARY.json
forget10,5e-5,16,4,4,10,checkpoint-75,6.923241573443553e-05,0.5375747549487616,0.4995257124491036,0.0452242112474166,0.7033691916099676,0.5705816895024852,0.41455978276680533,0.5233174804220534,saves/unlearn/tofu/forget10/Llama-2-7b-chat-hf/NPO/lr5e-5_b16_mb4_ga4_e10/checkpoint-75/evals/TOFU_SUMMARY.json
forget10,5e-5,32,8,4,10,checkpoint-104,0.0004368337391825136,0.5622019191353325,0.5638263200246729,0.05451198050689042,0.6479533054664708,0.5392734410948576,0.4378681073736806,0.5185978244890384,saves/unlearn/tofu/forget10/Llama-2-7b-chat-hf/NPO/lr5e-5_b32_mb8_ga4_e10/checkpoint-104/evals/TOFU_SUMMARY.json
forget10,5e-5,32,8,4,10,checkpoint-117,0.0005832940307390987,0.5620968602277672,0.5635903519927524,0.054599899663369415,0.6477093595966094,0.5380627288453725,0.43830404795914146,0.5181410592979855,saves/unlearn/tofu/forget10/Llama-2-7b-chat-hf/NPO/lr5e-5_b32_mb8_ga4_e10/checkpoint-117/evals/TOFU_SUMMARY.json
forget10,5e-5,32,8,4,10,checkpoint-120,0.0004368337391825136,0.562017797669848,0.5638022944121621,0.054771325806493666,0.6479892940292191,0.5376332212103714,0.43829230647756334,0.5177871025487335,saves/unlearn/tofu/forget10/Llama-2-7b-chat-hf/NPO/lr5e-5_b32_mb8_ga4_e10/checkpoint-120/evals/TOFU_SUMMARY.json
forget10,5e-5,32,8,4,10,checkpoint-13,6.85594912218188e-10,0.4770796552599379,0.7660785971581936,0.11678142171006264,0.6699517806230258,0.5630062894389092,0.35457856878746297,0.516930823014695,saves/unlearn/tofu/forget10/Llama-2-7b-chat-hf/NPO/lr5e-5_b32_mb8_ga4_e10/checkpoint-13/evals/TOFU_SUMMARY.json
forget10,5e-5,32,8,4,10,checkpoint-26,0.4680435421303692,0.5374693372716774,0.5765556146204471,0.04863189560158551,0.6911517982741335,0.5621036184826325,0.4555070391238353,0.5602407168413397,saves/unlearn/tofu/forget10/Llama-2-7b-chat-hf/NPO/lr5e-5_b32_mb8_ga4_e10/checkpoint-26/evals/TOFU_SUMMARY.json
forget10,5e-5,32,8,4,10,checkpoint-39,0.004907932356726081,0.5494004734222239,0.5762660237587989,0.05400506463091324,0.6844936402235376,0.5645860967052854,0.41196323967715215,0.549611715188849,saves/unlearn/tofu/forget10/Llama-2-7b-chat-hf/NPO/lr5e-5_b32_mb8_ga4_e10/checkpoint-39/evals/TOFU_SUMMARY.json
forget10,5e-5,32,8,4,10,checkpoint-52,0.001024214776236788,0.560649636337791,0.5666667853621766,0.05423836505432375,0.6685985982174012,0.5800082250936974,0.4240067130331009,0.5484483243220191,saves/unlearn/tofu/forget10/Llama-2-7b-chat-hf/NPO/lr5e-5_b32_mb8_ga4_e10/checkpoint-52/evals/TOFU_SUMMARY.json
forget10,5e-5,32,8,4,10,checkpoint-65,0.0007748993373290397,0.5631290263936587,0.5683770027547144,0.055974188232225046,0.660157816150008,0.5706662295060305,0.42105694895980883,0.547613673731311,saves/unlearn/tofu/forget10/Llama-2-7b-chat-hf/NPO/lr5e-5_b32_mb8_ga4_e10/checkpoint-65/evals/TOFU_SUMMARY.json
forget10,5e-5,32,8,4,10,checkpoint-78,0.0005832940307390987,0.5644492961588753,0.5631863190536387,0.05332996874852871,0.6526732992313389,0.5553381582433219,0.4332849998650353,0.5344090060334793,saves/unlearn/tofu/forget10/Llama-2-7b-chat-hf/NPO/lr5e-5_b32_mb8_ga4_e10/checkpoint-78/evals/TOFU_SUMMARY.json
forget10,5e-5,32,8,4,10,checkpoint-91,0.0003254839625295495,0.5607973706078306,0.5630969302612356,0.05474354784103128,0.6490574036886929,0.5392729533587608,0.4371874002770697,0.5214829352537638,saves/unlearn/tofu/forget10/Llama-2-7b-chat-hf/NPO/lr5e-5_b32_mb8_ga4_e10/checkpoint-91/evals/TOFU_SUMMARY.json
forget10,5e-5,8,4,2,10,checkpoint-100,0.0005832940307390987,0.5299382719111809,0.526704454831779,0.048463628560320944,0.6757150570741567,0.6247756843318597,0.3775640090227242,0.5839824198565756,saves/unlearn/tofu/forget10/Llama-2-7b-chat-hf/NPO/lr5e-5_b8_mb4_ga2_e10/checkpoint-100/evals/TOFU_SUMMARY.json
forget10,5e-5,8,4,2,10,checkpoint-150,0.02985302150862578,0.5371251608756964,0.5153213404677808,0.04343014612226406,0.6528169403085744,0.6010775338388351,0.3937568074880193,0.565088740345372,saves/unlearn/tofu/forget10/Llama-2-7b-chat-hf/NPO/lr5e-5_b8_mb4_ga2_e10/checkpoint-150/evals/TOFU_SUMMARY.json
forget10,5e-5,8,4,2,10,checkpoint-200,0.00794521285574355,0.5471869159762809,0.5186694306880235,0.05053227052917606,0.6590668098900503,0.6193788780054242,0.3814943428999108,0.5824914055291197,saves/unlearn/tofu/forget10/Llama-2-7b-chat-hf/NPO/lr5e-5_b8_mb4_ga2_e10/checkpoint-200/evals/TOFU_SUMMARY.json
forget10,5e-5,8,4,2,10,checkpoint-250,0.010032513978788836,0.5600278285077658,0.5286217882297933,0.05199911630350835,0.6515842028906184,0.6065708358460171,0.3942047443286842,0.5647485473185817,saves/unlearn/tofu/forget10/Llama-2-7b-chat-hf/NPO/lr5e-5_b8_mb4_ga2_e10/checkpoint-250/evals/TOFU_SUMMARY.json
forget10,5e-5,8,4,2,10,checkpoint-300,0.006260402267679663,0.5804851942270005,0.5257220023497939,0.049823879738989836,0.6472421205395095,0.6259165245413417,0.411604626079915,0.5690257020725512,saves/unlearn/tofu/forget10/Llama-2-7b-chat-hf/NPO/lr5e-5_b8_mb4_ga2_e10/checkpoint-300/evals/TOFU_SUMMARY.json
forget10,5e-5,8,4,2,10,checkpoint-350,0.004907932356726081,0.5697653100658777,0.5225915111787617,0.051295593411767565,0.640383674457381,0.5641008222366284,0.4113694107739984,0.5479711644232442,saves/unlearn/tofu/forget10/Llama-2-7b-chat-hf/NPO/lr5e-5_b8_mb4_ga2_e10/checkpoint-350/evals/TOFU_SUMMARY.json
forget10,5e-5,8,4,2,10,checkpoint-400,0.0017621899205092087,0.5707762067503138,0.5216488825902342,0.050774444367317005,0.6377884229322044,0.5616616479691909,0.4121370343281949,0.5416081052727494,saves/unlearn/tofu/forget10/Llama-2-7b-chat-hf/NPO/lr5e-5_b8_mb4_ga2_e10/checkpoint-400/evals/TOFU_SUMMARY.json
forget10,5e-5,8,4,2,10,checkpoint-450,0.003828187263300835,0.5709515169600079,0.5200160516519099,0.04878863198386295,0.6375374515471105,0.5559191310220067,0.41698321997961585,0.5361789928843389,saves/unlearn/tofu/forget10/Llama-2-7b-chat-hf/NPO/lr5e-5_b8_mb4_ga2_e10/checkpoint-450/evals/TOFU_SUMMARY.json
forget10,5e-5,8,4,2,10,checkpoint-50,6.784754222980868e-07,0.5256760364709039,0.7058867010474205,0.06572537171701132,0.6433008384541578,0.629747502263646,0.4292070483002057,0.6069068684541239,saves/unlearn/tofu/forget10/Llama-2-7b-chat-hf/NPO/lr5e-5_b8_mb4_ga2_e10/checkpoint-50/evals/TOFU_SUMMARY.json
forget10,5e-5,8,4,2,10,checkpoint-500,0.004907932356726081,0.5702726441774506,0.5197162740770728,0.04868801617492718,0.637022142812436,0.5565144957099133,0.4175986236406331,0.53538619151476,saves/unlearn/tofu/forget10/Llama-2-7b-chat-hf/NPO/lr5e-5_b8_mb4_ga2_e10/checkpoint-500/evals/TOFU_SUMMARY.json
